"Freq [GHz]","dB(S(1,1)) [] - $Er='2.5'","dB(S(1,1)) [] - $Er='2.6'","dB(S(1,1)) [] - $Er='2.7'","dB(S(1,1)) [] - $Er='2.8'","dB(S(1,1)) [] - $Er='2.9'","dB(S(1,1)) [] - $Er='3'","dB(S(1,1)) [] - $Er='3.1'","dB(S(1,1)) [] - $Er='3.2'","dB(S(1,1)) [] - $Er='3.3'","dB(S(1,1)) [] - $Er='3.4'","dB(S(1,1)) [] - $Er='3.5'","dB(S(1,1)) [] - $Er='3.6'","dB(S(1,1)) [] - $Er='3.7'","dB(S(1,1)) [] - $Er='3.8'","dB(S(1,1)) [] - $Er='3.9'","dB(S(1,1)) [] - $Er='4'","dB(S(1,1)) [] - $Er='4.4'"
0.1,-36.8901401116638,-47.6521438732848,-46.8095208373665,-47.8857857392278,-55.5263384366315,-48.7032151913182,-46.8854456790996,-41.524352346807,-42.0419510907075,-52.7432117292641,-41.5889104640891,-46.2134721500762,-45.9683127247689,-48.5176445007159,-71.8007938044237,-41.8869123408618,-55.043073282517
0.11,-36.1451651563602,-47.2164996542872,-46.3007440925419,-47.3286464157411,-55.7145891285968,-48.2812403318716,-46.3644841768989,-40.784037435671,-41.4832113843468,-52.6956441474561,-40.8693497089941,-45.7350514991991,-45.7342493480216,-48.6040125650799,-71.5630662535577,-41.1857365594016,-55.3467440711145
0.12,-35.4613064843041,-46.7876554184915,-45.8075656492033,-46.7939762714014,-55.9219513209359,-47.8711508747625,-45.8617919412576,-40.1030453237306,-40.9482004861924,-52.6479529170693,-40.2047719091511,-45.2776114530356,-45.4927379774978,-48.7004026103706,-71.3211433584641,-40.5359001285883,-55.6224192700522
0.13,-34.8308322544721,-46.3682188128754,-45.3316904599641,-46.2824634696189,-56.1487680011586,-47.4753209497499,-45.3787436738696,-39.4740616576903,-40.4374550015813,-52.6011466432742,-39.5890439664787,-44.8426530440914,-45.2459344694461,-48.8073493383282,-71.0771277579257,-39.9322258715081,-55.8704596207414
0.14,-34.2473386592999,-45.9599471748382,-44.8739590045137,-45.7940428785345,-56.3954089217951,-47.0952493956128,-44.9158745830696,-38.8909709096425,-39.9507788690805,-52.5562593470895,-39.0168833719729,-44.4308274576572,-44.9957449369627,-48.9254555830536,-70.8326650616027,-39.3701154363415,-56.0920040320004
0.15,-33.705496309001,-45.5639597976629,-44.4346285108619,-45.3281926475569,-56.6622606367241,-46.7317943033859,-44.4731707189043,-38.3486471040696,-39.4875393655967,-52.5143442858806,-38.4837647811015,-44.0422234803782,-44.7438320113118,-49.0553991753698,-70.5889497061476,-38.845541850598,-56.2886714686014
0.16,-33.200842681689,-45.1809057123632,-44.0135726395045,-44.884129420402,-56.9497099386546,-46.3853532102502,-44.0502700415038,-37.8427740952966,-39.0468600094381,-52.4764693208184,-37.9858145321059,-43.6765683500962,-44.4916291843974,-49.1979410936237,-70.3467337671151,-38.3550010032407,-56.4623557004761
0.17,-32.729616281378,-44.8110928994293,-43.6104209904708,-44.4609348947844,-57.2581176965862,-46.055998472001,-43.6465995966971,-37.3696975860237,-38.6277443377838,-52.4437137572645,-37.5197110914987,-43.3333659661061,-44.2403599886363,-49.353935175578,-70.1063339064521,-37.8954502229276,-56.6150877212846
0.18,-32.2886252699172,-44.454586008641,-43.2246553329895,-44.0576365484322,-57.5877788140584,-45.7435773913969,-43.2614679229465,-36.9263054697596,-38.2291539579922,-52.4171665226167,-37.0825975575953,-43.0119908166156,-43.9910595245329,-49.524339742584,-69.8676332799269,-37.4642466395742,-56.7489463923177
0.19,-31.8751435319415,-44.1112792945658,-42.8556752085349,-43.6732580458634,-57.9388622333234,-45.4477854410131,-42.8941265012084,-36.5099317260729,-37.8500566157703,-52.3979254967165,-36.6720072884649,-42.7117510455388,-43.7445965424962,-49.7102315880713,-69.630076738796,-37.0590905905421,-56.8660029776566
0.2,-31.4868282213663,-43.7809505029201,-42.5028420820931,-43.3068497240206,-58.3113224397291,-45.1682193338776,-42.5438099814753,-36.11827929611,-37.4894547373389,-52.3870977688612,-36.2858017055097,-42.431930212846,-43.5016948704212,-49.9128229165343,-69.3926591075871,-36.6779758181396,-56.9682892910248
0.21,-31.121654036374,-43.4633003436512,-42.1655085720361,-42.9575060719491,-58.7047706399191,-44.9044151880171,-42.2097619488372,-35.7493580409713,-37.1464013443745,-52.3858005576699,-35.9221186631059,-42.171814443216,-43.2629534375334,-50.1334819994129,-69.1539078333286,-36.3191465973129,-57.0577822181735
0.22,-30.7778605220344,-43.1579811734451,-41.8430373553233,-42.6243747848386,-59.1182897016142,-44.6558757573789,-41.8912508894107,-35.4014346240461,-36.8200078769324,-52.3951624890602,-35.5793296950488,-41.9307096111387,-43.028864485471,-50.3737585590256,-68.9118630201944,-35.9810612521359,-57.136399597712
0.23,-30.4539095500445,-42.8646176588512,-41.5348129627848,-42.3066604198251,-59.5501724700518,-44.422089688947,-41.5875795529485,-35.0729918168812,-36.509446899958,-52.4163248753634,-35.2560045977088,-41.7079517726698,-42.7998297974907,-50.6354152280053,-68.6640598884756,-35.6623612846337,-57.2060040381113
0.24,-30.1484507872443,-42.5828215108894,-41.2402487046658,-42.0036246517575,-59.9975596292955,-44.2025449887315,-41.2980898995317,-34.7626952706637,-36.2139516426456,-52.4504425649617,-34.9508820300108,-41.5029130542026,-42.5761749369159,-50.9204668996621,-68.407521024615,-35.3618453110464,-57.2684123894218
0.25,-29.8602934714223,-42.3122018547152,-40.9587902845098,-41.7145844457248,-60.4559543647658,-43.9967382956753,-41.0221651248525,-34.4693662262122,-35.9328136447758,-52.4986838234714,-34.6628450338257,-41.3150045171934,-42.3581615862864,-51.2312304449217,-68.1387682216458,-35.0784470612185,-57.3254094072399
0.26,-29.5883831981234,-42.0523723969737,-40.6899171839523,-41.4389090118722,-60.918604096868,-43.8041811300537,-40.7592297839384,-34.191958971397,-35.6653793397736,-52.5622285464289,-34.3909005788704,-41.1436770407086,-42.1459981359201,-51.5703882170854,-67.8538657496993,-34.8112167891734,-57.3787647421517
0.27,-29.3317827144521,-41.8029562522745,-40.4331425700845,-41.1760161089033,-61.3757778211483,-43.6244039651488,-40.5087487081449,-33.9295421148432,-35.4110461114155,-52.6422638647161,-34.1341624061997,-40.9884209345768,-41.939848698131,-51.9410701424056,-67.5485076731668,-34.5593055401869,-57.4302528325072
0.28,-29.0896559379939,-41.563589065687,-40.1880122468386,-40.9253680642426,-61.8140502763703,-43.4569587385712,-40.2702251875774,-33.6812829452808,-35.1692581680143,-52.7399758524754,-33.8918365842822,-40.848764768652,-41.7398407312402,-52.3469612353259,-67.2181601426208,-34.3219518100058,-57.4816756250703
0.29,-28.8612545883875,-41.3339209015514,-39.9541030116302,-40.6864677471494,-62.2158470428754,-43.3014202500888,-40.0431987384397,-33.4464343006373,-34.9395024505702,-52.8565355334628,-33.6632093049708,-40.7242737463714,-41.5460714531199,-52.7924444627632,-66.8582641878811,-34.0984702109421,-57.5348883367835
0.3,-28.6459069488868,-41.1136172456229,-39.7310206669022,-40.4588546437422,-62.5596894382076,-43.1573867692897,-39.8272426700603,-33.224323490649,-34.72130470747,-52.9930766362369,-33.447636537668,-40.6145478415414,-41.3586132124446,-53.2827936487258,-66.4644947436188,-33.888241826593,-57.5918287329236
0.31,-28.4430083752354,-40.9023593764458,-39.5183978584244,-40.2421011250563,-62.8216958518792,-43.0244800863667,-39.6219615944523,-33.0143429096707,-34.5142258131965,-53.1506614759898,-33.2445352327261,-40.5192198410526,-41.1775179705965,-53.8244386521484,-66.0330581894475,-33.6907059926951,-57.6545506587205
0.32,-28.2520132466392,-40.6998442945441,-39.3158918579347,-40.0358089610748,-62.9787141476993,-42.9023451736096,-39.4269889719408,-32.8159420487729,-34.3178583724566,-53.3302298154595,-33.0533758231951,-40.4379533826786,-41.0028210305412,-54.4253372975852,-65.5609964170568,-33.5053532874782,-57.7252628474272
0.33,-28.0724281139725,-40.5057843482653,-39.123182369831,-39.8396061085852,-63.0127542657397,-42.790649577152,-39.241984752594,-32.628620672929,-34.1318236277603,-53.5325234255338,-32.8736758203933,-40.3704410390904,-40.8345441323945,-55.0955090029585,-65.0464550979957,-33.3317195523691,-57.8063743626266
0.34,-27.903805847664,-40.3199066583256,-38.9399694151824,-39.6531437843278,-62.9153348449502,-42.6890826232891,-39.0666331501042,-32.4519229737083,-33.9557686734945,-53.7579761690959,-32.7049943358487,-40.3164024717633,-40.6726980196619,-55.8478203264649,-64.4888725254216,-33.1693807944174,-57.9005484434323
0.35,-27.7457406250044,-40.1419524158762,-38.765971327861,-39.4760938243078,-62.6897797242504,-42.5973544977434,-38.9006405690547,-32.2854325431772,-33.7893639701202,-54.0065556786327,-32.5469273918555,-40.2755826580693,-40.5172845657035,-56.6991755254413,-63.8890559900042,-33.0179488466398,-58.0107670391728
0.36,-27.5978636261905,-39.9716761087361,-38.6009228847109,-39.3081463233564,-62.350247222143,-42.5151952370369,-38.7437336958959,-32.128768042739,-33.6323011463702,-54.2775382514196,-32.3991039067575,-40.247750179061,-40.3682985370294,-57.6723811324864,-63.2491334788352,-32.8770676826663,-58.1404089796843
0.37,-27.4598393320118,-39.8088447154725,-38.4445735826637,-39.14900754476,-61.9180199011721,-42.4423536567687,-38.5956577568522,-31.9815794630194,-33.4842910739948,-54.5691942742263,-32.2611822602957,-40.2326955424404,-40.2257290586127,-58.7991738086262,-62.5723933402936,-32.7464102985156,-58.2933455619579
0.38,-27.3313623349943,-39.6532368959091,-38.2966860694218,-38.9983980871396,-61.416882032022,-42.3785962307298,-38.4561749412987,-31.8435448888506,-33.3450621978426,-54.8783596398596,-32.1328473599108,-40.2302295036158,-40.0895608364347,-60.1253246534229,-61.8630452887101,-32.6256760877602,-58.4740583601836
0.39,-27.2121545910728,-39.5046421983901,-38.1570347299219,-38.8560512941867,-60.8693365608108,-42.323705926413,-38.3250629861247,-31.714367697865,-33.2143591033242,-55.1998745347329,-32.0138081415145,-40.2401813364856,-39.9597751838496,-61.7195047732403,-61.1259465264367,-32.5145886473428,-58.6877852394107
0.4,-27.1019630512261,-39.3628602980004,-38.0254044276995,-38.7217118919734,-60.2944308398947,-42.2774809958556,-38.2021139147109,-31.5937741329044,-33.0919413032261,-55.5258950471002,-31.9037954485405,-40.262396993746,-39.8363508909306,-63.6884690828345,-60.3663352069026,-32.4128939603855,-58.9407016504348
0.41,-27.0005576225912,-39.2277002753856,-37.9015893980897,-38.5951348380984,-59.7070469292171,-42.2397337153397,-38.0871329230325,-31.4815111979561,-32.97758222617,-55.8451422776466,-31.8025602415129,-40.2967370832644,-39.7192649695991,-66.1965366309353,-59.5896028048121,-32.3203589098451,-59.2401446053287
0.42,-26.9077294168319,-39.0989799424336,-37.7853922886548,-38.4760843667711,-59.1181238797848,-42.2102890628606,-37.9799374048044,-31.3773448350811,-32.8710683895993,-56.142268116946,-31.7098720973169,-40.3430745715936,-39.6084933019024,-69.4138061410038,-58.8011223015207,-32.2367700831564,-59.5948843326235
0.43,-26.8232892503522,-38.9765252185633,-37.6766233411216,-38.3643332139602,-58.5353042188038,-42.1889833181537,-37.8803561073348,-31.2810583461508,-32.7721987409255,-56.3976907917708,-31.6255179631033,-40.4012921071907,-39.5040112141762,-72.6054638455392,-58.006135177157,-32.1619328332963,-60.0154382867276
0.44,-26.7470663665846,-38.8601695595104,-37.5750997083323,-38.2596620069092,-57.9636739256524,-42.1756625662103,-37.7882284097433,-31.1924510284306,-32.6807841513024,-56.5884286098263,-31.5493011345542,-40.4712788334851,-39.4057939958861,-71.8639008080712,-57.2096898664264,-32.0956705662088,-60.5143901246894
0.45,-26.6789073553004,-38.7497534391227,-37.4806448991542,-38.161858802597,-57.4064318008988,-42.1701810814464,-37.7034037153329,-31.1113369973605,-32.5966470473896,-56.690458541331,-31.4810404322531,-40.5529265346731,-39.313817378597,-68.2832003860114,-56.4166183586477,-32.0378242284024,-61.10658539972
0.46,-26.6186752478398,-38.6451238836699,-37.3930883439209,-38.0707187600968,-56.8654313211066,-42.1723995658905,-37.6257409501473,-31.0375441734491,-32.5196211673848,-56.6826793687512,-31.4205695533069,-40.6461249240325,-39.2280579876776,-65.1142643355663,-55.6315354101321,-31.9882519719037,-61.8088249078645
0.47,-26.5662487705135,-38.546134057436,-37.3122650727447,-37.9860439322423,-56.3415926141358,-42.182183210846,-37.5551081600474,-30.9709134131653,-32.4495514285265,-56.5515900077704,-31.367736578255,-40.7507558446861,-39.1484937769493,-62.6258014676525,-54.8588452843205,-31.9468289767051,-62.6379869214828
0.48,-26.5215217412811,-38.4526428978372,-37.2380154989218,-37.9076431625467,-55.8352038697671,-42.1993995474289,-37.4913821989902,-30.9112977661822,-32.3862938941882,-56.2948372644234,-31.3224036157878,-40.8666861052671,-39.0751044544551,-60.6275558510731,-54.1027430388209,-31.9134474134763,-63.6046294650526
0.49,-26.4844025972769,-38.3645147979306,-37.1701852996491,-37.8353320739251,-55.3461364307456,-42.2239160471842,-37.4344485015726,-30.8585618433852,-32.3297158295793,-55.9218504334335,-31.2844465699368,-40.9937586173765,-39.0078719058224,-58.9713620994375,-53.3672004943517,-31.8880165316651,-64.6943052593691
0.5,-26.4548140429002,-38.2816193339299,-37.1086253863585,-37.7689331364424,-54.8739956746507,-42.25559742972,-37.3842009333019,-30.8125812817843,-32.2796958359427,-55.4512164415676,-31.253755016266,-41.1317814383266,-38.9467806202579,-57.5622243926223,-52.6559308449708,-31.8704628602398,-65.8195059664282
0.51,-26.4326928100816,-38.2038310351791,-37.0531919571557,-37.7082758020353,-54.4182254939639,-42.2943026301075,-37.3405417124741,-30.773242293903,-32.2361240539633,-54.9061797759293,-31.2302321752247,-41.2805142530409,-38.8918181230255,-56.3385540384211,-51.9723302639151,-31.8607305102718,-66.7286070328197
0.52,-26.4179895240375,-38.1310291939417,-37.0037466241177,-37.6531966949217,-53.9781798376111,-42.3398813749146,-37.3033813979686,-30.7404412904145,-32.1989024278865,-54.3102557266467,-31.21379497225,-41.439651757089,-38.8429754172652,-55.2588667740919,-51.3193996280821,-31.858781570336,-66.9745285595501
0.53,-26.4106686693722,-38.0630977123247,-36.9601566085492,-37.6035398472089,-53.5531711356576,-42.3921703125376,-37.2726389377162,-30.714084565785,-32.1679450225636,-53.6842514872044,-31.2043741754756,-41.6088033364672,-38.8002474372002,-54.2941153873881,-50.6996541878822,-31.8645965873529,-66.2462207272986
0.54,-26.4107086528296,-37.9999249836585,-36.9222949977135,-37.5591569700192,-53.1425026225649,-42.4509886415156,-37.2482417730434,-30.6940880374899,-32.1431783862916,-53.044923804301,-31.2019146030096,-41.7874683927814,-38.7636335141156,-53.4232491061548,-50.1150329083569,-31.8781751270289,-64.7725949324975
0.55,-26.4181019603648,-37.9414038056876,-36.8900410570359,-37.5199077512525,-52.7454895070588,-42.516133180494,-37.2301259945661,-30.6803770300175,-32.1245419528844,-52.4048465954843,-31.2063753927318,-41.9750066580095,-38.7331378559504,-52.6305542733542,-49.5668213868966,-31.8995364094868,-63.0190703532731
0.56,-26.4328554075357,-37.887431322988,-36.8632805923131,-37.4856601718917,-52.3614724523888,-42.5873728265043,-37.2182365457701,-30.6728860953711,-32.111988476894,-51.7729263699726,-31.2177303284228,-42.1706029174201,-38.7087700409103,-51.9040008777287,-49.0556019251274,-31.9287200170377,-61.2821986858405
0.57,-26.4549904835407,-37.8379089961046,-36.8419063570377,-37.4562908334989,-51.989825780998,-42.66444235561,-37.2125274708989,-30.6715588621462,-32.1054844962813,-51.1551414465689,-31.2359682168001,-42.3732257670972,-38.6905455251569,-51.2341774197094,-48.5812412128669,-31.9657866723501,-59.6759609721571
0.58,-26.4845437905813,-37.7927425949948,-36.8258185005566,-37.4316852902421,-51.6299620815162,-42.7470355335444,-37.2129622042515,-30.6763479054914,-32.1050108171178,-50.5552675338805,-31.261093310703,-42.5815804514795,-38.6784861643318,-50.6135825638795,-48.1429206471544,-32.0108190865424,-58.2264827746894
0.59,-26.5215675816407,-37.7518422144649,-36.8149250534109,-37.4117383794235,-51.2813343821605,-42.8347975260066,-37.2195138984856,-30.6872146303626,-32.1105630150685,-49.9754901567106,-31.2931257742527,-42.7940565593482,-38.6726207484327,-50.0361405882013,-47.7392077644474,-32.0639228779866,-56.9280419483491
0.6,-26.5661304012803,-37.7151223093966,-36.8091424468361,-37.3963545450242,-50.943436696714,-42.9273166315596,-37.2321657900153,-30.7041291604623,-32.1221519484693,-49.416881882564,-31.3321021863268,-43.0086725274808,-38.6729855493243,-49.4968615664316,-47.368161179928,-32.1252275638991,-55.7656366518221
0.61,-26.6183178357035,-37.682501747668,-36.8083960640272,-37.3854481492502,-50.6158035000584,-43.0241154078469,-37.2509116000971,-30.7270702250934,-32.1398042777651,-48.8797570285348,-31.3780760791403,-43.2230206343745,-38.6796248799434,-48.9915977460818,-47.0274571980332,-32.1948876281337,-54.7229160149604
0.62,-26.6782333801684,-37.6539038787833,-36.8126208213844,-37.3789437674341,-50.2980085166956,-43.1246413276766,-37.2757559707043,-30.7560250358716,-32.1635629859239,-48.363927595348,-31.4311185091339,-43.4342185406692,-38.6925916640041,-48.5168654396143,-46.7145246380009,-32.2730836700379,-53.7846691343976
0.63,-26.7459994339008,-37.6292566163329,-36.8217617785232,-37.3767764619257,-49.9896630847573,-43.2282571889938,-37.3067149348086,-30.7909891447971,-32.1934878942007,-47.8688843518615,-31.4913186577503,-43.6388763932232,-38.7119480147105,-48.0697125135178,-46.4266753549684,-32.3600236408162,-52.9374180801503
0.64,-26.8217584350312,-37.6084925325013,-36.835774776369,-37.3788920307916,-49.6904142736821,-43.3342316148402,-37.3438164212143,-30.8319662745968,-32.2296561673009,-47.3939231961658,-31.5587844600522,-43.8330917323409,-38.7377658206046,-47.6476182360934,-46.1612207308158,-32.4559441756362,-52.169397445332
0.65,-26.9056741508356,-37.5915489629309,-36.8546271031306,-37.3852472272318,-49.3999428749501,-43.4417301175055,-37.3871007946363,-30.8789681114813,-32.2721628016179,-46.9382323623628,-31.6336432595247,-44.0124871691848,-38.7701273361822,-47.2484164908998,-45.9155680684663,-32.5611120317592,-51.4703695868572
0.66,-26.9979331417933,-37.5783681203257,-36.8782981883555,-37.3958099456338,-49.1179613443197,-43.5498073636266,-37.4366214322755,-30.9320140495131,-32.3211210898125,-46.5009519801739,-31.7160424878419,-44.1723067215993,-38.8091257742645,-46.8702361263953,-45.6872944274483,-32.675825645359,-50.8314235950798
0.67,-27.0987464218031,-37.5688972152425,-36.906780325608,-37.410559370115,-48.8442117455699,-43.6574014575258,-37.4924453387437,-30.9911308746288,-32.3766630546027,-46.0812142707114,-31.8061503688955,-44.3075840207222,-38.8548658962558,-46.5114540491095,-45.4741983616567,-32.8004168224721,-50.2447990869311
0.68,-27.2083513414831,-37.5630885825595,-36.9400794245572,-37.4294860812732,-48.5784637260948,-43.763331244917,-37.5546538018187,-31.0563523749724,-32.4389398442933,-45.6781702487085,-31.9041566470216,-44.4133875358385,-38.9074645952969,-46.1706579119774,-45.2743319895631,-32.9352525827835,-49.703740013601
0.69,-27.3270137269881,-37.5608998121397,-36.9782157934217,-37.4525921166915,-48.320512541241,-43.8662978050066,-37.6233430922001,-31.1277188625682,-32.508122082341,-45.2910070533132,-32.0102733401783,-44.4851337295682,-38.9670514658504,-45.8466161071564,-45.086016855928,-33.0807371787595,-49.2023735457784
0.7,-27.4550303134724,-37.5622938822073,-37.0212249527662,-37.4798909805382,-48.0701771352068,-43.9648914114186,-37.6986252111821,-31.2052765894446,-32.5844001631941,-44.9189587865925,-32.1247355198604,-44.5189402180173,-39.0337693513415,-45.5382533732911,-44.9078473148191,-33.2373143170626,-48.7356078422351
0.71,-27.5927315204909,-37.5672392939359,-37.0691584815964,-37.5114075973938,-47.827298280363,-44.0576052554749,-37.7806286910006,-31.2890770390943,-32.6679844868465,-44.5613128644793,-32.2478021208689,-44.5119723794032,-39.1077748589801,-45.244630753975,-44.7386849183439,-33.4054696142446,-48.2990438138117
0.72,-27.740484626676,-37.5757102057,-37.1220848965225,-37.5471782052543,-47.5917367731239,-44.1428570853686,-37.8694994535505,-31.3791760715922,-32.7591056250804,-44.2174132731762,-32.3797567857393,-44.4627257611755,-39.1892388276661,-44.964928951507,-44.5776467608944,-33.5857333244119,-47.8888976190657
0.73,-27.8986974134465,-37.5876865653643,-37.1800905644765,-37.5872501825161,-47.3633716823604,-44.2190195681349,-37.9654017342484,-31.4756328977382,-32.8580144133465,-43.8866616970935,-32.5209087507594,-44.3711899652323,-39.2783467306989,-44.6984343441668,-44.4240900806981,-33.7786833827849,-47.5019318916975
0.74,-28.0678223629729,-37.6031542388832,-37.2432806490533,-37.6316818036994,-47.1420986453558,-44.2844595886651,-38.0685190790552,-31.578508854238,-32.964981963742,-43.5685171865384,-32.6715937831492,-44.2388596995055,-39.3752989896166,-44.4445271006557,-44.2775947761996,-33.984948815591,-47.1353945070144
0.75,-28.2483615150013,-37.6221051333459,-37.3117800900198,-37.6805419187149,-46.9278282061509,-44.3375858550741,-38.1790554241168,-31.6878659481303,-33.0802995967005,-43.2624948254254,-32.8321751822319,-44.0685903767843,-39.4803111685165,-44.2026709488964,-44.1379449208001,-34.2052135730686,-46.7869641355367
0.76,-28.440872111593,-37.6445373124343,-37.3857346148849,-37.7339095506898,-46.7204841915691,-44.3769031295785,-38.2972362691694,-31.8037651344031,-33.2042786919204,-42.9681637139559,-33.0030448613692,-43.8643282587998,-39.5936140092047,-43.972404249806,-44.0051098858591,-34.4402208476716,-46.4547020295894
0.77,-28.6459731898959,-37.6704551020617,-37.4653117806846,-37.7918734077491,-46.5200021210887,-44.4010702633574,-38.4233099578426,-31.9262642860037,-33.3372504628184,-42.6851444796391,-33.1846245321619,-43.6307674513327,-39.7154532558824,-43.7533320982477,-43.8792253159868,-34.6907779424081,-46.1370095463112
0.78,-28.8643533228218,-37.6998691837272,-37.5507020433017,-37.8545313047465,-46.3263276479149,-44.4089581640078,-38.557549080332,-32.0554158102591,-33.4795656635037,-42.4131064591312,-33.3773670180019,-43.3729919626948,-39.846089203036,-43.5451192290735,-43.7605739381357,-34.957761752218,-45.8325908991617
0.79,-29.0967797587765,-37.7327966728544,-37.6421198507693,-37.9219894917774,-46.1394150299878,-44.3997030888825,-38.7002520166815,-32.191263860136,-33.6315942430049,-42.1517646441661,-33.5817577305611,-43.0961517766502,-39.9857958807292,-43.3474835502872,-43.6495660179157,-35.2421249104694,-45.5404205929284
0.8,-29.3441092782691,-37.7692611790853,-37.7398047561249,-37.9943618874128,-45.959225631172,-44.3727504536245,-38.8517446421827,-32.3338410829163,-33.7937249682834,-41.9008764511076,-33.7983163502462,-42.8052039078372,-40.134859766311,-43.1601901610319,-43.5467191935332,-35.5449026266177,-45.2597149575681
0.81,-29.6073011727024,-37.8092928451748,-37.8440225445646,-38.0717692159722,-45.7857264544253,-44.3278848178215,-39.0123822202611,-32.4831648429464,-33.9663650454839,-41.6602383510839,-34.0275987600294,-42.5047302110588,-40.2935778789438,-42.9830457416305,-43.4526374115155,-35.8672201894419,-44.9899071645552
0.82,-29.887432866502,-37.8529283607764,-37.9550663689743,-38.1543380498292,-45.6188887102869,-44.2652428733847,-39.1825515127709,-32.6392328494847,-34.1499397778808,-41.4296823832754,-34.2701992912796,-42.1988286012246,-40.4622550711671,-42.8158932279597,-43.3679887514808,-36.2103010161567,-44.7306250895435
0.83,-30.1857188587286,-37.9002109470312,-38.0732578874972,-38.2421997596862,-45.458686425481,-44.1853079714387,-39.3626731429739,-32.802018115854,-34.3448923090698,-41.20907256563,-34.5267533500899,-41.8910653412427,-40.6412002771777,-42.6586067042288,-43.2934820516383,-36.5754749635853,-44.48167137797
0.84,-30.5035338699546,-37.9511903074792,-38.1989483967828,-38.3354893779659,-45.3050950977626,-44.0888866970895,-39.5532042527482,-32.971463172895,-34.5516835110595,-40.998301213584,-34.7979405027359,-41.5844726614406,-40.8307214071634,-42.5110864675903,-43.2298424219105,-36.9641863384153,-44.2430050761235
0.85,-30.8424413670903,-38.0059225404012,-38.332519955116,-38.4343443828835,-45.1580904042676,-43.9770698852565,-39.7546415028683,-33.1474734592466,-34.7707920889995,-40.7972851771771,-35.0844881086921,-41.2815764700357,-41.0311184866174,-42.3732542354732,-43.1777859425923,-37.3780005752349,-44.014724210323
0.86,-31.2042290365529,-38.0644700072913,-38.4743864909744,-38.5389034133505,-45.0176469715347,-43.851181935621,-39.9675244736275,-33.3299098148556,-35.0027149872881,-40.6059620094202,-35.3871755980105,-40.9844414649009,-41.242674523988,-42.2450484823972,-43.1379940727167,-37.8186077709071,-43.7970487336057
0.87,-31.590953335214,-38.1269011517501,-38.6249948949542,-38.6493049275243,-44.8837372159914,-43.7127231107069,-40.1924395326996,-33.5185800145365,-35.2479681957402,-40.4242860832039,-35.7068394951233,-40.6947241650628,-41.4656434435104,-42.1264199073875,-43.1110885076678,-38.2878199679973,-43.5903033162569
0.88,-32.0049960463425,-38.1932902626998,-38.7848260967448,-38.7656858204786,-44.7563302640083,-43.5633096235445,-40.430024247948,-33.7132292982744,-35.5070880694747,-40.2522246798214,-36.0443792904713,-40.4137274089406,-41.7002342366116,-42.0173270459072,-43.0976074003247,-38.7875569283211,-43.3948995377582
0.89,-32.4491369253047,-38.2637171754624,-38.9543961342646,-38.888180019012,-44.6353909606092,-43.4046158259531,-40.6809724347549,-33.9135298880926,-35.7806332924222,-40.0897540787148,-36.4007642502854,-40.1424523358028,-41.9465902597274,-41.917732051273,-43.0979839644171,-39.319811562943,-43.2113171470044
0.9,-32.9266482301212,-38.33826690392,-39.1342572295835,-39.0169170739192,-44.5208789755512,-43.2383218845112,-40.9460399399587,-34.1190695324,-36.0691876323306,-39.9368556847973,-36.7770412260058,-39.8816456910891,-42.2047623366798,-41.827596679556,-43.1125284882538,-39.8865802462959,-43.0400841969612
0.91,-33.441419510339,-38.4170291967204,-39.3249988962824,-39.1520207720039,-44.4127480147816,-43.0660692066075,-41.2260512768501,-34.3293391934345,-36.3733636555973,-39.7935122360645,-37.1743434662809,-39.6318415403159,-42.4746740151849,-41.7468785187153,-43.1414146875307,-40.4897334044372,-42.8817560281781
0.92,-33.9981250019014,-38.5000980103053,-39.5272491159004,-39.2936077915785,-44.3109451442317,-42.889424761008,-41.5219072363369,-34.5437200980103,-36.6938075943347,-39.659704139651,-37.5939003266269,-39.3933972619285,-42.7560769996772,-41.6755275068772,-43.1846711184492,-41.1307856164294,-42.7368932670471
0.93,-34.6024522549481,-38.5875708914449,-39.7416756376106,-39.4417864260771,-44.2154102315663,-42.7098544758627,-41.8345936055589,-34.7614705125884,-37.0312055874461,-39.5354059884945,-38.0370475823603,-39.1665241425978,-43.0484944840767,-41.6134827860592,-43.2421780745555,-41.8104985016526,-42.6060392082102
0.94,-35.2614208214571,-38.6795482619869,-39.9689874757729,-39.5966554005954,-44.1260755099092,-42.5287051720943,-42.1651911220417,-34.9817127859066,-37.3862915544931,-39.4205833128747,-38.5052377257697,-38.9513131260825,-43.3511499340082,-41.560669936133,-43.3136700353581,-42.5282097526242,-42.4896971492386
0.95,-35.9838369242113,-38.7761325986688,-40.2099367051458,-39.7583028056015,-44.0428652657589,-42.3471940199194,-42.5148867704943,-35.2034214281336,-37.7598570090075,-39.3151896209564,-39.0000490793065,-38.7477563506495,-43.6628789926434,-41.5169986294549,-43.398743364745,-43.2807260776715,-42.3883084182379
0.96,-36.7809597123309,-38.8774275011395,-40.4653206839329,-39.9268051707004,-43.965695651372,-42.1664042656351,-42.8849864761324,-35.4254132608014,-38.1527631810197,-39.2191637798469,-39.5231916328893,-38.555765108315,-43.982022902361,-41.4823607395644,-43.4968686178264,-44.060558050371,-42.3022319579126
0.97,-37.6675083864317,-38.9835366417804,-40.7359848713,-40.1022266991751,-43.8944746198761,-41.9872859162959,-43.2769291382567,-35.6463409627007,-38.5659559028815,-39.1324277835088,-40.0765059622633,-38.3751848109602,-44.3063036071953,-41.4566289280051,-43.6074065457229,-44.8532661727933,-42.2317263810194
0.98,-38.6632411889231,-39.0945625915381,-41.0228264494558,-40.2846186811232,-43.8291019793721,-41.8106601365097,-43.692301738462,-35.8646916248514,-39.0004838260183,-39.0548849462565,-40.6619489785748,-38.2058074787516,-44.6326841857475,-41.4396557221757,-43.7296267162306,-45.6338953624126,-42.1769353762815
0.99,-39.7955407360935,-39.2106055167759,-41.3267990121532,-40.4740190994378,-43.7694695603519,-41.6372262538505,-44.1328548766642,-36.0787921647399,-39.4575206900164,-38.9864185507863,-41.2815558721107,-38.047382190493,-44.957224270005,-41.4312730847972,-43.8627276053061,-46.3632568200467,-42.1378772150958
1,-41.1038738408237,-39.3317617431292,-41.6489186433028,-40.6704524387666,-43.7154614889725,-41.467570446941,-44.6005174097259,-36.2868235665927,-39.9383925745602,-38.9268909681881,-41.937360225849,-37.8996238622334,-45.2749493681766,-41.431292462785,-44.0058570547297,-46.9865875448999,-42.1144388949636
1.01,-42.6932363269097,-39.4180010188171,-41.9546919064925,-40.8360470231733,-43.6745776898166,-41.300695285842,-44.9773261161879,-36.4720037668505,-40.471417883328,-38.8869088473661,-42.5605668893654,-37.7947955587006,-45.574848161059,-41.4418370793343,-44.1821926455891,-47.4926136447404,-42.1065174466454
1.02,-44.6579721470501,-39.5067651674939,-42.2771858815418,-41.0075928353129,-43.637604444396,-41.1387615954151,-45.3746008802185,-36.654761462331,-41.0523585204732,-38.85371578447,-43.2318897807299,-37.6948235875016,-45.8580080677729,-41.4619832927045,-44.377859502194,-47.7392452230339,-42.1025168439844
1.03,-47.2168477225086,-39.598112259935,-42.617221957827,-41.1854331524505,-43.6046907633887,-40.9817487694201,-45.793762743041,-36.8325967565903,-41.6876400620167,-38.8275891244158,-43.9552014886759,-37.6000754671274,-46.1155214992007,-41.4920072791446,-44.5945546847291,-47.6721870051419,-42.1026668567598
1.04,-50.8529268283605,-39.6920970543257,-42.9756622067886,-41.3699396597383,-43.5759909692179,-40.8296501923322,-46.236202184011,-37.0026624088358,-42.3851531346711,-38.8088187491438,-44.7334208418003,-37.5109392149908,-46.3372498561782,-41.5321790331058,-44.8341790210477,-47.3000373198206,-42.107197565259
1.05,-56.9116846737918,-39.788770006976,-43.3533963348847,-41.561515518065,-43.5516646844513,-40.682472902022,-46.7031803516164,-37.1618024678936,-43.1546950576988,-38.7977074539675,-45.567039746141,-37.4278234246357,-46.5123685142957,-41.5827624506244,-45.0988756102041,-46.6890871094299,-42.1163370484125
1.06,-62.6927047498483,-39.8881761305933,-43.7513191356843,-41.7605988607502,-43.5318768105013,-40.5402372753845,-47.1956666518193,-37.3066259551114,-44.008553901263,-38.7945713827234,-46.4512957804347,-37.3511571727958,-46.6302681882803,-41.6440157130131,-45.3910783919119,-45.9278275190028,-42.1303086911378
1.07,-54.1955823221125,-39.9903536828494,-44.1702935742612,-41.9676667942363,-43.5167974982933,-40.4029767307063,-47.7140770189318,-37.4336204923931,-44.9622535872959,-38.7997405417329,-47.3710041751082,-37.2813897420053,-46.6817492899023,-41.7161919787424,-45.713573954439,-45.0942928926711,-42.1493280936836
1.08,-49.2414627471625,-40.0953326672747,-44.6110922752809,-42.1832399938139,-43.5066021131515,-40.2707374404401,-48.257859467137,-37.5393062332647,-46.0354044236636,-38.8135594164603,-48.2919296470691,-37.2189901489089,-46.6603015612631,-41.7995403796542,-46.0695809160498,-44.2432778428518,-42.1735995735513
1.09,-46.0381037681513,-40.2031331282194,-45.0743067422386,-42.4078880052234,-43.5014711968214,-40.1435780479753,-48.8248506846249,-37.6204236107844,-47.2523167675876,-38.836387719154,-49.1490585563118,-37.164446474573,-46.563145835247,-41.8943073037846,-46.4628528670983,-43.407950212277,-42.2033122605871
1.1,-43.6837942224041,-40.313763221918,-45.5602087204671,-42.6422353878146,-43.5015904302838,-40.021569381972,-49.4103047232917,-37.6741401356284,-48.641019497688,-38.8686013007491,-49.8384796793024,-37.1182650011619,-46.3917166991433,-42.0007379308022,-46.89781322704,-42.6061130650747,-42.2386357981792
1.11,-41.8252694910684,-40.4272170468177,-46.0685413716015,-42.8869688662665,-43.5071506018322,-39.9047941618635,-50.0054914648539,-37.698253668468,-50.225788871172,-38.9105932659756,-50.2317521340762,-37.0809691694258,-46.1514221621057,-42.1190779669016,-47.3797337796301,-41.8460089167039,-42.2797156782059
1.12,-40.2912253338789,-40.543472218576,-46.5982093329075,-43.1428456976283,-43.5183475857771,-39.7933466882439,-50.5958293490655,-37.6913648758475,-51.9963957058891,-38.9627753370696,-50.2304571093498,-37.0530983835861,-45.8507629639458,-42.2495755031093,-47.9149735507374,-41.1303776081018,-42.3266682543712
1.13,-38.9860980282128,-40.6624871788603,-47.1468274143908,-43.4107035112002,-43.5353823381062,-39.6873325120557,-51.1587590827598,-37.6529923819763,-53.8051508102739,-39.0255795188774,-49.830791515513,-37.0352067043377,-45.5000949998968,-42.3924828930761,-48.5113016315902,-40.4589743633628,-42.3795754976192
1.14,-37.8512461347043,-40.7841982327274,-47.7100817236362,-43.6914719440325,-43.5584609164651,-39.5868680767956,-51.6621307208343,-37.5836114550198,-55.1418299648462,-39.0994601266765,-49.1264860537453,-37.0278614866307,-45.1103743904506,-42.5480585116174,-49.1783369215085,-39.8300410872008,-42.4384795781095
1.15,-36.8481286578622,-40.9085163174291,-48.2808650363172,-43.9861864792779,-43.5877945329325,-39.4920803283824,-52.0647824358456,-37.4846096476351,-55.1980965915804,-39.1848962479862,-48.2463018094193,-37.0316420363266,-44.6921406227898,-42.7165682107354,-49.9281488032721,-39.2411358908307,-42.5033773802629
1.16,-35.9500706760492,-41.0353235165666,-48.8481931138198,-44.2960050047069,-43.6235996492365,-39.4031062878955,-52.3216282414912,-37.3581672810997,-53.9182830887507,-39.2823947213775,-47.2969541471584,-37.0471383783328,-44.2548490093476,-42.8982862316491,-50.7760698971428,-38.6895875991654,-42.5742150800379
1.17,-35.1378496859743,-41.1644693482183,-49.3960303169989,-44.6222277532055,-43.6660981253053,-39.3200925831127,-52.3943114318237,-37.20708285625,-52.0945527801353,-39.3924937292974,-46.3462431221693,-37.0749502478794,-43.806540150485,-43.0934952539473,-51.741752086579,-38.1727363780041,-42.6508829361161
1.18,-34.3971579954706,-41.2957668746415,-49.9023985060477,-44.9663214781551,-43.7155174333582,-39.2431949356715,-52.2641347204515,-37.0345701882431,-50.2803215631002,-39.5157671188487,-45.4303535227795,-37.1156864356704,-43.3537672508022,-43.302485158763,-52.8503635956668,-37.6880541556653,-42.7332104681902
1.19,-33.7170599602296,-41.4289887049867,-50.3395095791386,-45.3299489711081,-43.7720909511365,-39.1725776017494,-51.9396049035775,-36.8440542610345,-48.6457596939653,-39.6528295851665,-44.5656661855487,-37.1699646362088,-42.9016869125573,-43.5255499414801,-54.1332601187078,-37.2331983689467,-42.8209622150571
1.2,-33.0890103597854,-41.5638629916088,-50.6759559708464,-45.715005370534,-43.8360583493542,-39.1084127654222,-51.4529781926495,-36.6389876732852,-47.2075529616629,-39.8043428776151,-43.7576528300301,-37.238411966286,-42.4542334969921,-43.7629820169952,-55.6252736118609,-36.8060293918046,-42.9138342816072
1.21,-32.5062057235221,-41.7000695551767,-50.881703160402,-46.1236631712207,-43.90766609004,-39.0508798853066,-50.8484633981757,-36.4227015955503,-45.9425071112865,-39.9710232209642,-43.0062536747729,-37.3216663373228,-42.014321387855,-44.0150628984896,-57.3474537039899,-36.4046087912246,-43.0114518957926
1.22,-31.9631417510759,-41.8372363135607,-50.9352053388068,-46.5584284692551,-43.9871680541631,-39.0001649967163,-50.1699590651374,-36.1982969629729,-44.8222459727102,-40.1536501838718,-42.3088327271348,-37.4203788812232,-41.5840420333027,-44.2820488751135,-59.2350113463288,-36.0271880445656,-43.113368202802
1.23,-31.4553029680796,-41.9749362333965,-50.8298471048593,-47.0222118289057,-44.0748263188406,-38.9564599733428,-49.4537070953449,-35.9685749986142,-43.8218329302105,-40.3530772778929,-41.6617218282259,-37.5352176454368,-41.1648392729741,-44.5641498350945,-60.9121821564346,-35.6721930826408,-43.2190645223033
1.24,-30.9789398866051,-42.1126850692731,-50.5761333998123,-47.5184183164555,-44.170912106554,-38.919961754378,-48.7261970971233,-35.7360018706712,-42.9210575059907,-40.5702446350142,-41.0609970642947,-37.6668727904686,-40.7576570326275,-44.8614987436676,-61.459595364134,-35.3382075924298,-43.3279522838448
1.25,-30.5309056442127,-42.249940200374,-50.1982421055906,-48.0510628119142,-44.2757069312354,-38.8908715449874,-48.0051647486522,-35.5027002592398,-42.103887392354,-40.8061941945198,-40.5028506714601,-37.8160635443939,-40.3630593840657,-45.1741084540517,-60.3514601256829,-35.0239566306014,-43.4393768332221
1.26,-30.1085340339782,-42.3861009132724,-49.7270845164432,-48.6249187838196,-44.3895039689175,-38.8693940000669,-47.3016510865583,-35.2704603084653,-41.3576193309204,-41.0620879360619,-39.9837537369443,-37.9835471972124,-39.9813258055884,-45.5018114789281,-58.3865571737548,-34.7282913154951,-43.5526232666501
1.27,-29.7095469439133,-42.5205105059107,-49.1935146950744,-49.2457113325171,-44.5126096839887,-38.8557364032035,-46.6220191487526,-35.0407632103083,-40.6721211513521,-41.3392298317673,-39.5005127371512,-38.1701304574523,-39.6125254974659,-45.8441770895842,-56.3593706060771,-34.4501749256687,-43.6669243978633
1.28,-29.3319830835183,-42.6524605934317,-48.6240107122271,-49.920368245123,-44.6453457461146,-38.8501078546437,-45.9695431464587,-34.8148119384306,-40.0392342872985,-41.6390923641362,-39.0502738408322,-38.3766835499831,-39.2565746602232,-46.2003987378481,-54.5307439966331,-34.1886704915002,-43.7814708942976
1.29,-28.9741423767121,-42.781197972192,-48.039063883267,-50.6573449796026,-44.7880512777715,-38.8527184837624,-45.3455385903798,-34.5935650270993,-39.4523212660887,-41.9633486778063,-38.6305030373644,-38.604157514877,-38.913280250118,-46.5691435969165,-52.92943284309,-33.9429298385119,-43.8954235318054
1.3,-28.6345420587563,-42.9059343344719,-47.4533750808394,-51.4670372891444,-44.9410854783255,-38.8637787029404,-44.7501220446119,-34.3777705407837,-38.9059267555328,-42.3139117117064,-38.2389565453199,-38.8536052819482,-38.5823731762973,-46.9483556378248,-51.527065927712,-33.7121839783295,-44.0079274141379
1.31,-28.3118816367375,-43.0258590149876,-46.8768646934455,-52.3622775882497,-45.104830677985,-38.8834985208033,-44.1827049890645,-34.1679984036685,-38.3955233983637,-42.6929820010136,-37.8736487934625,-39.1262072568554,-38.263533345705,-47.3350053853588,-50.2888098952932,-33.4957347172063,-44.118127887233
1.32,-28.0050146462814,-43.1401547866722,-46.3158478316768,-53.3588452809152,-45.2796958841366,-38.9120869333693,-43.6423076729659,-33.9646700347289,-37.9173199742002,-43.103106243466,-37.5328214964502,-39.423302379134,-37.956408461025,-47.7247856276966,-49.1847303226988,-33.2929473463513,-44.2251877554882
1.33,-27.7129256788781,-43.2480165086969,-45.7740716261134,-54.4757083152227,-45.4661208940057,-38.949751411709,-43.1277549316009,-33.7680847869934,-37.4681152927666,-43.5472491636936,-37.2149153743063,-39.746425922975,-37.660628056041,-48.1117665053468,-48.1910732881933,-33.1032442833351,-44.3283052869526
1.34,-27.434711539589,-43.3486721741145,-45.2535245860711,-55.7340505658741,-45.6645810618776,-38.9966975041721,-42.6377960048226,-33.5784430605226,-37.0451857940307,-44.0288815900402,-36.918545047243,-40.0973557392794,-37.3758139123612,-48.4880502563632,-47.2893235014567,-32.926099544104,-44.4267323885009
1.35,-27.169565672964,-43.4414056276026,-44.7550270755519,-57.1520938833632,-45.8755928270029,-39.0531285700144,-42.1711759769906,-33.3958661913069,-36.6461981829854,-44.5520877381461,-36.6424771293821,-40.4781692259088,-37.1015877327336,-48.8435091977664,-46.4650180648583,-32.7610339374763,-44.5197922537963
1.36,-26.916765198206,-43.5255799552739,-44.2786451998982,-58.7265851009776,-46.0997201307595,-39.1192456593246,-41.7266766826169,-33.2204133517148,-36.2691408276023,-45.121693883665,-36.3856113076096,-40.8913141223322,-36.8375767374003,-49.1657475548203,-45.7067545396428,-32.6076108866909,-44.6068957491364
1.37,-26.6756600449038,-43.6006603256395,-43.823973619244,-60.3762134396067,-46.3375818798658,-39.1952475514498,-41.3031385077375,-33.052095763666,-35.9122693559911,-45.7434175069195,-36.1469640968093,-41.339697337348,-36.5834176894409,-49.4404792182695,-45.0054391897325,-32.4654327947239,-44.6875558155855
1.38,-26.445663793034,-43.6662349231654,-43.3903254122398,-61.8100190960007,-46.5898606479759,-39.281330960636,-40.899470377375,-32.8908885470571,-35.5740631044063,-46.4240273268993,-35.9256549407263,-41.8267975424783,-36.3387597325252,-49.652513577573,-44.3537335261233,-32.3341378812334,-44.7613992358702
1.39,-26.2262459058269,-43.7220325980745,-42.9768577492102,-62.4377666167109,-46.8573128528346,-39.3776909132822,-40.5146525684819,-32.7367405201319,-35.2531899375958,-47.1714826649912,-35.7208943413884,-42.3568093286278,-36.1032663313678,-49.7874251174255,-43.7456487695434,-32.2133974289877,-44.8281752405634
1.4,-26.0169251088331,-43.7679359795695,-42.5826539374607,-61.8463478504731,-47.1407807028652,-39.4845212960168,-40.1477352948301,-32.5895822472047,-34.9484775899692,-47.994966757186,-35.5319737293887,-42.9348294470559,-35.8766165345982,-49.8337142961505,-43.1762471402088,-32.1029133864366,-44.8877606019558
1.41,-25.8172637183498,-43.8039890658712,-42.2067761111963,-60.4041828158402,-47.4412062788338,-39.6020155676613,-39.7978349292261,-32.4493326001869,-34.6588901317716,-48.9045980490987,-35.358256821965,-43.5670990212734,-35.6585057263416,-49.7849265484045,-42.6414197228144,-32.0024162807899,-44.9401610706735
1.42,-25.6268627610164,-43.8303986913215,-41.8482983072884,-58.7141474185171,-47.7596482071906,-39.7303676209092,-39.4641290371135,-32.3159040686948,-34.3835084986044,-49.9102869005549,-35.1991722504055,-44.2613190970513,-35.4486459924167,-49.6410056836823,-42.1377193885817,-31.9116634026416,-44.9855092295157
1.43,-25.4453577566109,-43.8475297346053,-41.5063265128594,-57.0880650749363,-48.0973014968943,-39.8697727710196,-39.1458509527061,-32.1892070221231,-34.1215142698511,-51.0184438397043,-35.0542072704098,-45.027058339302,-35.2467661965102,-49.4083389018606,-41.6622336108772,-31.8304372289624,-45.0240590490435
1.44,-25.272415059885,-43.8558944146415,-41.1800101142979,-55.6166893406726,-48.4555212571153,-40.0204288386674,-38.8422843445586,-32.0691530976436,-33.8721760660798,-52.2234978078286,-34.9229023976474,-45.8762640164341,-35.052611838587,-49.0984738577826,-41.2124864712283,-31.7585440562644,-45.0561776094117
1.45,-25.1077286761519,-43.8561364599856,-40.8685477184983,-54.3062790985806,-48.8358511960981,-40.1825372818122,-38.5527580349071,-31.9556578614816,-33.6348380743845,-53.4878169589343,-34.8048468357136,-46.8238487865051,-34.8659447503194,-48.7260245094565,-40.786362248902,-31.695812820048,-45.0823345865217
1.46,-24.9510174804059,-43.8490112799585,-40.5711893351564,-53.1393330520439,-49.2400580285018,-40.3563043163447,-38.2766412199029,-31.8486428673354,-33.4089103160386,-54.7011484162154,-34.6996745851438,-47.8881891787701,-34.6865426690873,-48.3064904617721,-40.3820451371392,-31.6420940803574,-45.1030901782056
1.47,-24.802022781853,-43.8353634753849,-40.2872362493022,-52.0946948447329,-49.670173194112,-40.5419419463135,-38.0133391628426,-31.7480372154383,-33.1938603514494,-55.6299225695999,-34.6070611404916,-49.0909281693475,-34.514198722091,-47.8545429128323,-39.9979711305301,-31.5972591564818,-45.1190821657573
1.48,-24.6605061855012,-43.8161030910264,-40.0160394702377,-51.1532493006944,-50.1285436111438,-40.7396688003261,-37.7622893847966,-31.6537786983381,-32.9892061795211,-55.9530749136891,-34.5267206980887,-50.454061808286,-34.3487208445386,-47.382991461224,-39.6327891855047,-31.5611993966349,-45.1310127725999
1.49,-24.5262477103879,-43.7921819404686,-39.7569973453523,-50.2990516252262,-50.6178935275486,-40.9497106393048,-37.5229583471128,-31.5658146047107,-32.7945101367078,-55.5062844495648,-34.458403810408,-51.9878470992458,-34.1899311501431,-46.9023690459486,-39.285329508245,-31.5338255708706,-45.1396359054522
1.5,-24.3990441304996,-43.764571155061,-39.5095527270899,-49.5191266706019,-51.1413998189256,-41.1723003595107,-37.294838601939,-31.4841022401404,-32.6093736386523,-54.4677048345039,-34.4018954342962,-53.6502220778972,-34.0376652678447,-46.4209462378478,-38.9545773653711,-31.5150673776282,-45.1457452572759
1.51,-24.2787075097428,-43.7342408592138,-39.2731899466385,-48.8029636921094,-51.7027831230714,-41.4076772600513,-37.077446376192,-31.4086092134799,-32.4334326368298,-53.1581035305659,-34.3570133300836,-55.2352948856996,-33.8917716554209,-45.9449806095663,-38.6396512062331,-31.5048730561719,-45.150163629538
1.52,-24.1650639066978,-43.7021425945855,-39.0474317573122,-48.1420151778248,-52.3064165538925,-41.6560852711441,-36.870319548689,-31.3393135288769,-32.2663536859225,-51.804677249985,-34.3236067769835,-56.2114454151784,-33.7521108982246,-45.479056748944,-38.339784175156,-31.5032090988619,-45.1537337065814
1.53,-24.0579522285067,-43.6691948404086,-38.8318363497405,-47.5292777388899,-52.9574513792077,-41.9177697418333,-36.6730159777638,-31.2762035165499,-32.1078305361274,-50.5129779728624,-34.301555577532,-55.9716592014733,-33.6185549994809,-45.0264299979113,-38.0543083075318,-31.5100600586855,-45.1573103972509
1.54,-23.9572232162479,-43.6362717325519,-38.6259945002522,-46.9589613671748,-53.6619526435274,-42.1929722552158,-36.485112136489,-31.2192776296981,-31.9575811793187,-49.3183199014642,-34.2907693302951,-54.6546438177046,-33.490986667261,-44.5893314097567,-37.7826408661173,-31.5254284488273,-45.16175475515
1.55,-23.8627385466607,-43.6041948858233,-38.4295268867297,-46.4262338668368,-54.4270219069428,-42.4819227645949,-36.3062020138801,-31.1685441303353,-31.8153452897514,-48.2252852436394,-34.2911869558801,-52.9248138862528,-33.3692986022935,-44.1692192681676,-37.524272397876,-31.5493347322933,-45.1679294024957
1.56,-23.7743700371807,-43.5737280787979,-38.2420815883436,-45.9270244797553,-55.2608465972247,-42.7848281114635,-36.1358962426596,-31.1240206831708,-31.6808820094286,-47.2270642794292,-34.3027764666006,-51.2073071679717,-33.2533927901101,-43.7669773482123,-37.2787561875132,-31.5818174007351,-45.1766953140074
1.57,-23.6919989430139,-43.545574466894,-38.06333177396,-45.4578727561769,-56.1725266216149,-43.1018556788324,-35.9738214169605,-31.0857338737712,-31.5539680358593,-46.3135874091279,-34.325534975101,-49.6408654168591,-33.1431798005669,-43.3830666292678,-37.0456988587953,-31.6229331426803,-45.1889097648427
1.58,-23.6155153364661,-43.5203759412358,-37.8929735766454,-45.0158116558175,-57.1713194856067,-43.4331105316309,-35.8196195665117,-31.0537186650051,-31.4343959760643,-45.4746695733261,-34.3594889419936,-48.2442184184371,-33.0385780974923,-43.0176390978209,-36.8247519340141,-31.6727571023516,-45.2054252067808
1.59,-23.54481756001,-43.4987142391173,-37.7307241471684,-44.5982765180806,-58.2644538242043,-43.7786038798144,-35.6729477571827,-31.0280178040686,-31.3219729356674,-44.701094535743,-34.4046946672217,-47.0010928416621,-32.9395133610441,-42.6706219800613,-36.6156042092524,-31.7313832311761,-45.2270888051091
1.6,-23.4798117456447,-43.4811134269896,-37.5763198767984,-44.2030336514288,-59.4515426929496,-44.1382100547412,-35.5334777911503,-31.0086811911265,-31.2165193159526,-43.9848812047774,-34.4612390345629,-45.8888443388933,-32.8459178252736,-42.3417795611206,-36.4179748410513,-31.7989247349262,-45.2547423397099
1.61,-23.4204113940219,-43.4680434098255,-37.4295147783668,-43.8281238893333,-60.7113559321781,-44.5116084179397,-35.4008959832764,-30.9957652196907,-31.1178677950813,-43.3192428660858,-34.5292405235489,-44.8865883558465,-32.7577296333741,-42.0307583589211,-36.2316070705342,-31.8755146201887,-45.2892221419267
1.62,-23.3665370076025,-43.4599241638277,-37.2900790140572,-43.4718176434145,-61.9738092294751,-44.8982057674528,-35.2749029934887,-30.9893320982055,-31.0258624723795,-42.6984463290298,-34.608850508229,-43.9769161028877,-32.6748922131005,-41.7371201287176,-36.0562625353297,-31.9613063445044,-45.3313586976863
1.63,-23.3181157727871,-43.4571304367829,-37.1577975584246,-43.1325788541617,-63.0753937727354,-45.2970340001484,-35.1552136979651,-30.9894491618573,-30.9403581568602,-42.1176526649463,-34.7002548677735,-43.1457664331784,-32.5973536748798,-41.4603660869344,-35.8917161386959,-32.0564745750018,-45.3819754901733
1.64,-23.275081286552,-43.4599967076199,-37.0324689855045,-42.8090358786442,-63.7422181767627,-45.7066173213889,-35.0415570847106,-30.9961881832961,-30.8612197830244,-41.5727695674832,-34.8036759400281,-42.3818678281274,-32.525066235165,-41.1999548749297,-35.7377514597826,-32.1612160606089,-45.4418865742188
1.65,-23.2373733236399,-43.4688222410576,-36.9139043694295,-42.4999578256775,-63.7220355400889,-46.1248037453465,-34.9336761616468,-31.0096246906937,-30.7883219385705,-41.0603242942076,-34.9193748559463,-41.6761675458057,-32.4579856676014,-40.9553161120322,-35.5941566995329,-32.2757506228493,-45.511892260119
1.66,-23.2049376408016,-43.4838761129856,-36.8019262886269,-42.2042351980657,-63.025609587981,-46.5485580391155,-34.8313278675939,-31.0298373013007,-30.7215484899895,-40.5773578625336,-35.0476543004624,-41.0213527391291,-32.396070784576,-40.7258608783766,-35.4607211637947,-32.4003222696752,-45.5927721254888
1.67,-23.1777258149865,-43.5054021166171,-36.6963679243649,-41.9208639621034,-61.9145663561879,-46.9737193176483,-34.7342829785101,-31.0569070783564,-30.6607922931964,-40.1213382310106,-35.1888617539828,-40.4114735879624,-32.339282951683,-40.5109900878305,-35.3372322892659,-32.5352004355291,-45.6852743561254
1.68,-23.1556951127329,-43.5336234883708,-36.5970722451161,-41.6489323604117,-60.6572298656743,-47.394738583603,-34.6423260030637,-31.0909169187916,-30.6059549773633,-39.6900894486328,-35.3433932783615,-39.8416531880784,-32.2875856375655,-40.3101014304807,-35.2234732194299,-32.6806813485472,-45.7901001241057
1.69,-23.1388083883242,-43.5687474161237,-36.5038912688783,-41.3876099326202,-59.4095151621656,-47.8044322763614,-34.5552550630559,-31.1319509786039,-30.5569467910333,-39.2817338584463,-35.511697922067,-39.3078653168028,-32.2409440014767,-40.1225953592091,-35.1192209372105,-32.837089522078,-45.9078813246376
1.7,-23.127034008569,-43.6109693114284,-36.4166853962345,-41.1361383217525,-58.2369760374515,-48.1938186243218,-34.4728817554083,-31.1800941420304,-30.513686500405,-38.8946448300606,-35.6942828311972,-38.8067636580331,-32.1993245207369,-39.9478804474848,-35.0242449593078,-33.004779361825,-46.0391494935451
1.71,-23.1203458023195,-43.6604768421295,-36.335322807524,-40.8938235314248,-57.1587765528497,-48.5521405137013,-34.395030993387,-31.2354315396528,-30.4761013304277,-38.5274079361709,-35.8917191658423,-38.3355496243805,-32.1626946600529,-39.7853783415481,-34.9383065947666,-33.1841368710332,-46.1842931010158
1.72,-23.1187230330869,-43.7174537331612,-36.2596789180458,-40.6600293666249,-56.1744892154829,-48.8672072253109,-34.3215408254876,-31.2980481193099,-30.444126940029,-38.1787888928999,-36.1046489344735,-37.8918690992187,-32.1310225844011,-39.6345284589285,-34.86115876803,-33.3755814228814,-46.34349966775
1.73,-23.1221503933357,-43.7820833517931,-36.1896358857111,-40.4341718437105,-55.2766175991147,-49.126178448162,-34.2522622309643,-31.3680282721231,-30.4177074234442,-37.8477069262147,-36.3337928714217,-37.4737309322377,-32.1042769168745,-39.4947925385021,-34.7925464053385,-33.5795675497355,-46.5166783207656
1.74,-23.1306180192499,-43.8545520997525,-36.1250821660153,-40.2157143968547,-54.4558576668378,-49.3168301834115,-34.187058891389,-31.4454555140284,-30.3967953302157,-37.5332125052998,-36.5799594919549,-37.0794419060694,-32.0824265425391,-39.3656591187799,-34.7322073836985,-33.796586670418,-46.703357625436
1.75,-23.1441215249624,-43.9350526389717,-36.0659121096082,-40.0041637411171,-53.7031451705849,-49.4291672220535,-34.1258069378808,-31.5304122209122,-30.3813516970104,-37.2344686060173,-36.8440554621324,-36.7075542773123,-32.0654404589678,-39.2466480059706,-34.6798740446164,-34.0271686352245,-46.9025530843128
1.76,-23.1626620554352,-44.0237869805846,-36.0120255981066,-39.7990662785666,-53.0103532697736,-49.4570298169332,-34.0683946737966,-31.6229794127353,-30.3713460849527,-36.9507348431453,-37.1270974097189,-36.3568230081492,-32.0532876736983,-39.1373147878536,-34.6352752812807,-34.2718829083683,-47.1125991469988
1.77,-23.1862463573606,-44.1209694685297,-35.9633277141271,-39.6000049549281,-52.3704433806324,-49.3992107616213,-34.0147222727219,-31.7232365788333,-30.3667566167066,-36.681353948191,-37.4302252662389,-36.0261705453995,-32.0459371484288,-39.0372554507265,-34.5981392188024,-34.53133912059,-47.3309429405628
1.78,-23.2148868676421,-44.2268296899415,-35.9197284418112,-39.406596491171,-51.7774078302273,-49.259685871828,-33.9647014515892,-31.8312615328562,-30.3675700080625,-36.4257401781148,-37.7547171484312,-35.7146575475245,-32.0433577893094,-38.9461111624329,-34.5681965235167,-34.806186598834,-47.5539028464305
1.79,-23.2486018191914,-44.3416153445466,-35.8811423943825,-39.2184889281718,-51.226145105531,-49.0468704961156,-33.9182551186865,-31.947130281458,-30.3737815893022,-36.1833693257009,-38.1020056249476,-35.4214583612498,-32.0455184822259,-38.8635732929787,-34.5451844003224,-35.097112297688,-47.7764068401719
1.8,-23.2874153639678,-44.4655951045839,-35.8474885655112,-39.0353594337269,-50.7123245652846,-48.7721772222442,-33.8753169962247,-32.0709168857625,-30.3853953121295,-35.9537700696097,-38.4736949106891,-35.1458403469134,-32.0523881715148,-38.7893887541191,-34.5288513679289,-35.4048362933219,-47.9917457572283
1.81,-23.3313577133671,-44.5990614952442,-35.8186901014791,-38.8569123302705,-50.2322619067216,-48.4483503234182,-33.835831217031,-32.2026932886728,-30.4024237384763,-35.7365164552994,-38.8715779818698,-34.887146372981,-32.0639359800918,-38.7233657494061,-34.5189629422453,-35.7301036180991,-48.1914066223984
1.82,-23.3804652962626,-44.7423338230938,-35.7946740913238,-38.6828773090741,-49.7828117699415,-48.0880098989287,-33.7997518948374,-32.3425290740661,-30.4248880080244,-35.5312213400377,-39.2976516268898,-34.6447799650035,-32.0801313685378,-38.6653800354621,-34.5153084099129,-36.0736706597482,-48.3650873115616
1.83,-23.434780935197,-44.8957611760062,-35.7753713723151,-38.5130078027805,-49.3612778472624,-47.7026420122522,-33.767042667557,-32.490491115571,-30.4528177818347,-35.3375306684886,-39.7541257204224,-34.4181927166974,-32.1009443302654,-38.6153818026358,-34.5177089394387,-36.4362835472369,-48.5010222194422
1.84,-23.4943540414319,-45.0597255121805,-35.7607163482666,-38.3470794931108,-48.9653386723014,-47.3020654424903,-33.7376762128944,-32.6466430626603,-30.4862511600423,-35.1551184716526,-40.2434199640412,-34.2068736610132,-32.1263456194894,-38.5734032874946,-34.5260273592324,-36.8186447904195,-48.5867410070313
1.85,-23.559240829778,-45.2346448469096,-35.7506468183207,-38.1848889346695,-48.5929866846006,-46.894278970587,-33.7116337356423,-32.8110445998004,-30.5252345721843,-34.9836825026687,-40.7681359716676,-34.0103403645664,-32.1563070083528,-38.5395672293214,-34.5401800330515,-37.2213627893393,-48.6103025381587
1.86,-23.6295045543605,-45.4209765324609,-35.7451038139637,-38.0262522791317,-48.2424782329057,-46.4855540272125,-33.6889044260699,-32.9837503998899,-30.5698226393508,-34.8229404392406,-41.3309831119727,-33.8281315553703,-32.1908015692098,-38.5140962760299,-34.56015138681,-37.6448765013193,-48.5618769212536
1.87,-23.7052157667201,-45.6192206066153,-35.7440314421341,-37.8710040868504,-47.9122924729675,-46.0806533518873,-33.6694848889284,-33.1648086756045,-30.620078008028,-34.672626595095,-41.9346198263399,-33.659801125886,-32.2298039777471,-38.4973234292857,-34.5860117884471,-38.089344350985,-48.4353357575518
1.88,-23.7864525979082,-45.8299231559371,-35.7473767323766,-37.7189962151758,-47.6010974560245,-45.6830920812047,-33.6533785427886,-33.3542592108093,-30.676071156202,-34.532489092612,-42.5813428703234,-33.504913374572,-32.2732908323214,-38.4897035911237,-34.6179396542093,-38.5544822447626,-48.22937711714
1.89,-23.8733010665232,-46.0536795960348,-35.7550894860746,-37.5700967746295,-47.3077220218438,-45.2953922364514,-33.6405949896842,-33.55213072809,-30.7378801730424,-34.4022874561423,-43.2725064814857,-33.3630393623177,-32.3212409846125,-38.4918262313949,-34.6562488446358,-39.0393304077148,-47.947788430747
1.9,-23.9658554149294,-46.2911377060001,-35.7671221258587,-37.4241891455784,-47.0311323825235,-44.9193069721007,-33.6311493553703,-33.7584374167358,-30.8055905142596,-34.2817905910235,-44.0074700887523,-33.2337542678148,-32.3736358764205,-38.5044291329334,-34.7014226057688,-39.5419234917918,-47.5987478385031
1.91,-24.064218476233,-46.5430001575411,-35.7834295433463,-37.2811710492856,-46.7704125072475,-44.5560067294797,-33.6250616009125,-33.973174407199,-30.8792947360381,-34.1707751173125,-44.7817482456751,-33.1166356300984,-32.4304598771777,-38.528413085294,-34.7541554707141,-40.0588354372807,-47.1934218168732
1.92,-24.1685020749346,-46.8100261356161,-35.8039689434094,-37.1409536682092,-46.5247475985213,-44.2062279403409,-33.622355806797,-34.1963119321953,-30.9590922112723,-34.0690240301007,-45.5838940732922,-33.0112623688267,-32.4917006164857,-38.5648572848297,-34.8154045957414,-40.5845756904013,-46.7443224990798
1.93,-24.2788274645575,-47.093031433546,-35.8286996832027,-37.0034608112267,-46.2934100940025,-43.8703887593676,-33.6230594312887,-34.4277878604557,-31.045088832658,-33.9763256602647,-46.3906408252329,-32.9172144746785,-32.5573493057252,-38.6150350571947,-34.8864518409543,-41.1108383354987,-46.2638558789031
1.94,-24.3953258059541,-47.3928860869542,-35.8575831042066,-36.8686281201166,-46.075747741764,-43.5486774938691,-33.6272025453505,-34.6674982264764,-31.1373967080112,-33.8924729108762,-47.1604652444982,-32.834073264512,-32.6274010425083,-38.6804293502901,-34.9689773090436,-41.6256704236338,-45.7633032329061
1.95,-24.5181386904187,-47.7105081354976,-35.8905823555539,-36.7364023141479,-45.8711733867374,-43.2411192595509,-33.6348170470605,-34.9152853092778,-31.2361338539574,-33.8172627454513,-47.8281166696949,-32.7614220992938,-32.7018550914512,-38.762747259803,-35.0651436899855,-42.1127550162328,-45.252274418747
1.96,-24.647418712191,-48.0468513914226,-35.927662206912,-36.6067404700564,-45.6791561771816,-42.9476256902071,-33.6459358591102,-35.1709227378912,-31.3414238948527,-33.7504959049611,-48.3074897000588,-32.6988474676642,-32.7807151344278,-38.8639326640742,-35.1776881170225,-42.5512059891743,-44.7385429165285
1.97,-24.783330095403,-48.4028840339147,-35.9687888491877,-36.4796093350191,-45.4992139563312,-42.668031672542,-33.6605921136099,-35.4340970269936,-31.4533957744113,-33.6919768311703,-48.5131048217012,-32.6459403444569,-32.863989483125,-38.9861758914575,-35.3100136208116,-42.91647991425,-44.2281302212512
1.98,-24.926049381004,-48.7795532684354,-36.0139296813068,-36.3549846705164,-45.3309066490643,-42.4021222577155,-33.6788183290573,-35.7043848839132,-31.5721834879971,-33.6415137745651,-48.398461190516,-32.6022977414615,-32.9516912463514,-39.1319192689829,-35.4662648444525,-43.1830124746047,-43.7255206399379
1.99,-25.0757661796752,-49.1777289481775,-36.0630530812968,-36.2328506251918,-45.1738304889835,-42.1496521948009,-33.7006455849031,-35.9812255973308,-31.6979258438417,-33.5989190659355,-47.9832169886913,-32.5675243769694,-33.0438384441633,-39.3038574699158,-35.6513617439917,-43.3286576476521,-43.2339221265217
2,-25.2326839972011,-49.598115619016,-36.116128159872,-36.1131991350031,-45.0276129596476,-41.9103599558158,-33.7261026996666,-36.2638878495461,-31.8307662615301,-33.56400953167,-47.341179791026,-32.541234400835,-33.140454060463,-39.5049318661449,-35.8709505677888,-43.3398609033895,-42.7555230163822
2.01,-25.3970211391615,-50.0411175070635,-36.1731244946798,-35.9960293491137,-44.8919083463425,-41.6839776685819,-33.7552154189709,-36.5514304362831,-31.9708526158935,-33.5366070340313,-46.5620984692031,-32.5230531225326,-33.241566025305,-39.7383186771624,-36.1312153447842,-43.2154078739623,-42.2917200238803
2.02,-25.5690117021053,-50.5066341081341,-36.2340118433234,-35.8813470801031,-44.7663938129034,-41.4702380239383,-33.7880056201782,-36.8426567011545,-32.1183371339007,-33.5165391191263,-45.7213085971353,-32.5126187006054,-33.34720711774,-40.0074116502422,-36.4384806423687,-42.9667735801243,-41.843308898054
2.03,-25.7489066585012,-50.9937551373755,-36.298759833226,-35.7691642771982,-44.6507659326263,-41.2688789577012,-33.8244905404698,-37.136063093294,-32.2733763511732,-33.5036397569596,-44.8700000513329,-32.5095837626326,-33.4574147796344,-40.3158013191622,-36.7985372760789,-42.6148737944982,-41.4106378753362
2.04,-25.936975042624,-51.5003135832127,-36.3673376263472,-35.6594985213323,-44.5447376139456,-41.0796467069802,-33.8646820352323,-37.4297832596715,-32.4361311332772,-33.4977501598563,-44.03836253323,-32.5136169350752,-33.5722308305696,-40.6672545052546,-37.2156505198631,-42.1849710401916,-40.9937280914367
2.05,-26.133505244008,-52.0222482419031,-36.4397135567065,-35.5523725409456,-44.4480353708926,-40.9022976897688,-33.908585873451,-37.7215306254568,-32.6067667648538,-33.4987196676266,-43.2421538325083,-32.524404271891,-33.6917010736621,-41.0656994707628,-37.6912775949439,-41.7019858758982,-40.5923664350798
2.06,-26.3388064139712,-52.5527325942841,-36.5158547386154,-35.4478137475437,-44.3603968958357,-40.7365995439472,-33.9562010764844,-38.0085446123333,-32.7854531068121,-33.5064066900926,-42.4883328834605,-32.5416505794731,-33.815874782002,-41.5152237119707,-38.2226301120721,-41.1875160677376,-40.2061762725358
2.07,-26.5532099887188,-53.081067868839,-36.5957266434652,-35.3458537901312,-44.2815688980095,-40.5823315775156,-34.0075193060755,-38.2875485172239,-32.9723648180473,-33.5206796999768,-41.7788726429454,-32.5650806432082,-33.9448040554137,-42.020092359161,-38.8013517223497,-40.6586532729051,-39.8346708245808
2.08,-26.7770713292665,-53.5914555868362,-36.6792926428778,-35.2465281277458,-44.2113051761637,-40.439284818794,-34.0625243067722,-38.5547304258167,-33.1676816332378,-33.5414182716261,-41.113085107192,-32.5944403677774,-34.0785430374509,-42.5847949490283,-39.4127070838385,-40.1280368522011,-39.477293153797
2.09,-27.0107714733296,-54.0620107968111,-36.7665135159937,-35.1498756194233,-44.1493648975534,-40.3072618080678,-34.1211914070826,-38.8057617820523,-33.3715886819159,-33.5685141635895,-40.4889645750932,-32.6294978493051,-34.217146982997,-43.2141260937288,-40.0357484462071,-39.6045150255279,-39.1334459202875
2.1,-27.2547189865855,-54.4647594007833,-36.8573469186611,-35.0559381310351,-44.0955110586493,-40.1860762366474,-34.1834870826937,-39.035870237219,-33.5842768258077,-33.6018724456598,-39.9039381217616,-32.6700444027276,-34.3606711676038,-43.9132997503162,-40.6448768359224,-39.0939755116371,-38.8025133690681
2.11,-27.5093518892018,-54.7677011288271,-36.9517468123072,-34.9647601585538,-44.0495091055443,-40.0755525125324,-34.2493685839803,-39.2399824300928,-33.8059429808497,-33.6414126736145,-39.3552728121823,-32.7158955724791,-34.509169630822,-44.688084096874,-41.2129520847087,-38.6001187553593,-38.4838774433113
2.12,-27.7751396165616,-54.9397903321783,-37.0496628503233,-34.8763884674148,-44.0111256942118,-39.9755253115952,-34.3187836288272,-39.4129463855722,-34.0367903765963,-33.6870701175474,-38.8402883913662,-32.7668921589879,-34.6626937473164,-45.54491676223,-41.7155539383395,-38.1250896525829,-38.1769294673576
2.13,-28.0525849483677,-54.9582690016991,-37.1510397199006,-34.790871747759,-43.9801275726571,-39.8858391577606,-34.3916701605498,-39.5498308128067,-34.277028687953,-33.7387970523658,-38.3564612539235,-32.8229012977776,-34.8212906215594,-46.4909000438373,-42.1352800837454,-37.6699582208433,-37.881078494667
2.14,-28.3422258043458,-54.8155286490608,-37.2558164374141,-34.7082602854545,-43.956280568698,-39.8063480638596,-34.4679561694298,-39.6462802198804,-34.5268739509809,-33.7965641217673,-37.9014684794495,-32.883817632458,-34.9850013044224,-47.5334392842945,-42.4645616381777,-37.2350700526152,-37.5957571492878
2.15,-28.6446367526802,-54.5216851666326,-37.3639255957032,-34.6286056489054,-43.939348668703,-39.7369152557674,-34.5475595751603,-39.6988841652113,-34.7865481441481,-33.8603617898145,-37.473199494481,-32.9495646278659,-35.1538588330637,-48.6789727709039,-42.7059134178161,-36.8202949898342,-37.3204255872131
2.16,-28.960430001982,-54.1012193709383,-37.4752925619398,-34.5519603917638,-43.9290931741882,-39.6774129954538,-34.6303881663247,-39.7055031645071,-35.0562782764591,-33.9302018971421,-37.0697508673782,-33.0200960754228,-35.3278860991814,-49.9295210654141,-42.8697220398286,-36.4252003836128,-37.0545740512552
2.17,-29.2902555386672,-53.5858107252391,-37.5898346252486,-34.4783777717587,-43.9252719247847,-39.6277225132034,-34.7163395919789,-39.6654908308064,-35.3362947711813,-34.0061193418966,-36.6894129115604,-33.0953978498177,-35.5070935549822,-51.2742334042631,-42.9707600203226,-36.0491701999558,-36.7977243778624
2.18,-29.6347999140879,-53.0072146771011,-37.7074600938714,-34.4079114859463,-43.9276385778024,-39.5877340551437,-34.8053013994887,-39.5797665439976,-35.6268288641667,-34.0881739087842,-36.3306528986921,-33.1754899848485,-35.6914767711016,-52.6704543063243,-43.0248433109065,-35.691485976301,-36.5494307273861
2.19,-29.9947829577749,-52.3927036039061,-37.8280673424774,-34.340615422766,-43.9359419364771,-39.5573470491101,-34.89715111203,-39.4507229702686,-35.9281086434285,-34.176452273148,-35.9920974845858,-33.2604291472467,-35.8810138661985,-54.008099298803,-43.0465009099992,-35.3513812251486,-36.3092797435984
2.2,-30.3709513630044,-51.7633603869028,-37.951543811255,-34.2765434313507,-43.9499253210365,-39.5364703895874,-34.991756338607,-39.2819883429962,-36.2403532343669,-34.2710702108864,-35.6725157039032,-33.3503116012444,-36.075662833991,-55.0704075053939,-43.0478111693932,-35.0280775016941,-36.0768902984611
2.21,-30.7640676127863,-51.1342790167846,-38.0777649597202,-34.2157491085936,-43.9693259789951,-39.5250228408602,-35.0889749091159,-39.0780919609307,-36.5637644734934,-34.3721750493494,-35.3708031866182,-33.4452767744022,-36.2753588000423,-55.5734009486922,-43.0381268753784,-34.7208078817359,-35.8519129402593
2.22,-31.1748920226817,-50.5156197081473,-38.2065931797769,-34.158285604505,-43.9938745336032,-39.522933556489,-35.1886550268727,-38.8440938679037,-36.8985152009627,-34.4799483991956,-35.0859678574956,-33.5455115579235,-36.4800112475774,-55.3714534501394,-43.0243096103923,-34.4288318374762,-35.6340291342759
2.23,-31.6041546791249,-49.9138334573571,-38.3378766745204,-34.1042054464124,-44.0232944721567,-39.5301427127239,-35.2906354311582,-38.5852347863624,-37.244733024717,-34.5946092126625,-34.8171171668146,-33.6512555037985,-36.689501258889,-54.6107660190302,-43.0111732216696,-34.1514442661109,-35.4229503629864
2.24,-32.0525126215618,-49.3327385237909,-38.4714483116278,-34.0535603825531,-44.0573016789164,-39.5466022534196,-35.3947455627038,-38.3066455370829,-37.6024780510297,-34.7164172199139,-34.5634467898597,-33.762807118567,-36.9036788263599,-53.5724572480569,-43.0019564689247,-33.8879805694462,-35.2184171356414
2.25,-32.5204855889876,-48.7743566341016,-38.6071244629707,-34.006401245585,-44.0956040206869,-39.5722767443916,-35.5008057256464,-38.0131345322401,-37.9717126229135,-34.8456768021746,-34.3242306801874,-33.8805315018491,-37.122360294611,-52.4687686923111,-42.9987402062736,-33.6378190901384,-35.0201979438673
2.26,-33.0083608328469,-48.2395202830066,-38.7447038453546,-33.9627778365028,-44.1379009966278,-39.6071443359137,-35.6086272403103,-37.7090541707646,-38.3522605505199,-34.9827413683767,-34.0988123417538,-34.0048696404884,-37.3453260025844,-51.4056061074089,-43.0027821073598,-33.4003818009311,-34.828088189615
2.27,-33.5160537119575,-47.7282964864392,-38.8839663810578,-33.9227388293797,-44.1838834675778,-39.6511978331884,-35.718012582228,-37.3982353784911,-38.7437526646377,-35.1280183110872,-33.8865971828172,-34.1363497508966,-37.5723182012406,-50.4221114244519,-43.0147705119065,-33.1751338607978,-34.6419091037533
2.28,-34.0429060043971,-47.2402750200235,-39.0246721011145,-33.8863316972761,-44.2332334839772,-39.7044458761145,-35.8287555040586,-37.0839742871675,-39.1455548221499,-35.2819746276492,-33.6870458215212,-34.2756011693484,-37.803039328682,-49.5260882428174,-43.0350100869828,-32.9615824568152,-34.4615066673102
2.29,-34.5873985439548,-46.7747610222046,-39.1665601190427,-33.8536026595552,-44.2856242352791,-39.7669142315243,-35.9406411385079,-36.769054549475,-39.5566738632686,-35.4451433037067,-33.4996682243181,-34.4233714314116,-38.037150729542,-48.7127857754094,-43.0635542803389,-32.7592752157466,-34.2867505424301
2.3,-35.1467505427029,-46.3309018499122,-39.3093477078845,-33.8245966507244,-44.3407201473951,-39.8386472032829,-36.0534460819679,-36.45579102635,-39.9756367267795,-35.6181305684622,-33.3240185711369,-34.5805473696772,-38.2742719089331,-47.9733055929191,-43.1002980833662,-32.5677983760194,-34.1175330162446
2.31,-35.7163789742425,-45.9077694411018,-39.4527295189106,-33.7993573107904,-44.3981771580419,-39.9197091682548,-36.1669384603598,-36.1460838931594,-40.4003384723497,-35.8016241437497,-33.1596907539311,-34.7481813107511,-38.5139804125943,-47.2980651844186,-43.1450420082587,-32.3867748462096,-33.9537679578263
2.32,-36.2892066546001,-45.5044128670952,-39.59637698594,-33.7779269969603,-44.4576432026157,-40.0101862491907,-36.2808779805763,-35.8414755280255,-40.8278572117188,-35.9964026214916,-33.0063144271984,-34.9275237925135,-38.7558124234439,-46.6781067047817,-43.1975355662463,-32.2158622314614,-33.7953897860557
2.33,-36.854853617874,-45.1198910534677,-39.7399379647119,-33.760346816365,-44.5187589451403,-40.1101881391276,-36.395015972936,-35.5432053418858,-41.2542392946143,-36.2033461148835,-32.8635515398834,-35.1200646859071,-38.999264159816,-46.105502987102,-43.2575063255554,-32.0547508783978,-33.6423524444473
2.34,-37.3988467765729,-44.7532923894834,-39.8830366617582,-33.7466566792988,-44.5811587896012,-40.2198500960203,-36.5090954321804,-35.2522598242549,-41.6742684388157,-36.4234483350333,-32.7310932876529,-35.3275852423619,-39.2437941514216,-45.5734002371499,-43.3246789093079,-31.9031619678132,-33.4946283776761
2.35,-37.9021563057269,-44.4037457289801,-40.025273911336,-33.7368953722938,-44.6444722062461,-40.3393351311367,-36.6228510667186,-34.969416549626,-42.0812498922945,-36.6578302421356,-32.6086574328889,-35.5522244716866,-39.4888264547329,-45.0759263160097,-43.398787014256,-31.7608456698883,-33.3522075036474
2.36,-38.3415861866375,-44.0704257916599,-40.1662278616407,-33.7311006501495,-44.7083254048339,-40.4688364204248,-36.7360093680322,-34.6952818384498,-42.4668660797453,-36.9077554005425,-32.4959859469526,-35.7965644930884,-39.733754849329,-44.6080601788858,-43.4795806032617,-31.6275793668072,-33.2150961744313
2.37,-38.6916640956443,-43.7525549717707,-40.3054551321257,-33.729309345844,-44.7723433820121,-40.6085799747837,-36.8482887143426,-34.4303223304107,-42.8211904773552,-37.1746471164973,-32.3928429354514,-36.0637412514866,-39.9779480302494,-44.1655008250302,-43.5668297614738,-31.5031659410985,-33.0833161191885
2.38,-38.9283946729377,-43.4494028902981,-40.4424925015842,-33.7315574970514,-44.836152362671,-40.7588276132239,-36.9593995247642,-34.1748910266787,-43.1329704431236,-37.4601073321469,-32.2990128125031,-36.3575894835563,-40.220755778419,-43.7445496347663,-43.6603262363918,-31.3874321238029,-32.9569033623578
2.39,-39.0343178585249,-43.1602845776297,-40.5768591810176,-33.737880487778,-44.8993826450683,-40.9198802926315,-37.0690444821536,-33.9292484856335,-43.390284796266,-37.7659370489746,-32.21429869446,-36.6828343875841,-40.4615160521187,-43.3420096749605,-43.7598833500657,-31.2802268940017,-32.8359071108145
2.4,-39.0030784879086,-42.8845578726952,-40.7080597155117,-33.7483132034253,-44.9616718466277,-41.0920818597034,-37.1769188446312,-33.6935798805565,-43.5816187191712,-38.0941576875822,-32.1385209873229,-37.0453475653078,-40.6995628983173,-42.9551014373416,-43.8653347366051,-31.1814199198775,-32.7203886044628
2.41,-38.8412685189706,-42.6216204227371,-40.8355875448245,-33.7628901973667,-45.0226685317144,-41.2758233052054,-37.2827108672071,-33.4680085935668,-43.697261559894,-38.4470321362382,-32.0715161452544,-37.4524920533567,-40.934235035319,-42.5813930346875,-43.9765321903907,-31.0909000309885,-32.6104199257707
2.42,-38.5665126013687,-42.3709065324011,-40.9589292328011,-33.7816458669033,-45.0820361847009,-41.4715476187839,-37.386102355969,-33.2526069569272,-43.7307541210684,-38.8270830831426,-32.0131355802543,-37.9135911836119,-41.1648849103182,-42.2187425727543,-44.0933427888128,-31.0085737116025,-32.506082765085
2.43,-38.2028654311197,-42.1318840199409,-41.0775693510699,-33.8046146362384,-45.1394574718672,-41.679755365181,-37.4867693777593,-33.0474046786563,-43.6799853928802,-39.2371041880424,-31.9632447052743,-38.4405682892472,-41.3908879905624,-41.8652505570037,-44.2156453631127,-30.9343636056025,-32.4074671401715
2.44,-37.7757661922652,-41.9040511774382,-41.1909959731767,-33.8318311438633,-45.194638715017,-41.9010111312092,-37.5843831480459,-32.852395414387,-43.5475750309891,-39.6801560546903,-31.9217220948726,-39.04881477798,-41.6116520089474,-41.5192204832423,-44.3433263214574,-30.8682070245432,-32.3146700702742
2.45,-37.308322139036,-41.6869338912799,-41.2987067023531,-33.8633304314956,-45.2473144793024,-42.1359510290663,-37.6786111186283,-32.667541876997,-43.3404045664422,-40.1595326166149,-31.8884587489984,-39.7583344040032,-41.8266258582225,-41.1791260736276,-44.4762747723865,-30.8100544518192,-32.2277942070548
2.46,-36.8194551315556,-41.4800829521672,-41.4002151210857,-33.8991481314338,-45.2972521590083,-42.385291487961,-37.7691182847723,-32.4927798120883,-43.0684659908151,-40.678672307119,-31.8633574466816,-40.5951114796118,-42.0353078164969,-40.8435839050659,-44.6143768491317,-30.7598680375546,-32.1469464270096
2.47,-36.3235352413568,-41.28307156623,-41.495057515704,-33.9393206488893,-45.3442564294777,-42.649839625918,-37.8555687282093,-32.3280211116059,-42.7434053331838,-41.2409684844226,-31.8463321773293,-41.5921995349579,-42.2372527934467,-40.5113304209649,-44.7575090926579,-30.7176200806834,-32.0722363923097
2.48,-35.8308558411812,-41.0954930674025,-41.5827996970097,-33.9838853355224,-45.3881734224702,-42.9305055715957,-37.9376274080608,-32.1731562895057,-42.3771537265497,-41.8493985913105,-31.837307638004,-42.7882394561487,-42.4320783131653,-40.1812025191547,-44.9055307116585,-30.6832914967206,-32.0037750893975
2.49,-35.3484269639564,-40.9169588240602,-41.6630437114936,-34.0328806500278,-45.428894477419,-43.2283172083329,-38.0149622060989,-32.028056501755,-41.9809002663983,-42.5058312498157,-31.8362187855166,-44.214223179158,-42.619468995739,-39.8521210736349,-45.0582745005321,-30.6568702718759,-31.941673357023
2.5,-34.8807827129542,-40.7470963286521,-41.7354342199127,-34.0863463011868,-45.4663593233232,-43.5444379483011,-38.0872462258317,-31.8925752572558,-41.5644829667349,-43.2097717032184,-31.8430104323924,-45.8342256554541,-42.7991793630995,-39.5230768822607,-45.2155361624524,-30.6383499063826,-31.8860404176151
2.51,-34.4306704771943,-40.5855474567437,-41.7996643136011,-34.1443233683018,-45.5005585559697,-43.8801883261406,-38.1541603367807,-31.7665499357511,-41.1361447429527,-43.9561625504296,-31.8576368757974,-47.3446759191024,-42.9710348712613,-39.193118643198,-45.3770617566983,-30.6277278521482,-31.8369824278629
2.52,-33.9995887447639,-40.4319668808914,-41.8554805458052,-34.2068543933558,-45.531535292798,-44.2370724467871,-38.2153959461753,-31.6498032026931,-40.7025457437357,-44.7317127698431,-31.8800615483043,-47.8800186805026,-43.1349311548919,-38.8613426560213,-45.5425329725558,-30.6250039520162,-31.7946010660337
2.53,-33.5881854224759,-40.2860206246542,-41.9026869764836,-34.2739834385654,-45.5593859123248,-44.61681065745,-38.2706579704004,-31.5421443888646,-40.2689229708075,-45.5093126086103,-31.9102566789582,-46.7432036356253,-43.2908315545836,-38.5268840242051,-45.7115499347465,-30.6301788899791,-31.7589921747646
2.54,-33.1965434076352,-40.1473847425287,-41.9411480639836,-34.3457561022122,-45.5842598153185,-45.0213802772007,-38.3196679682689,-31.4433708837761,-39.8393136657849,-46.2411058657334,-31.9482029524258,-44.630855363171,-43.438763075411,-38.1889092095625,-45.8836112802599,-30.6432526635466,-31.7302444787672
2.55,-32.8243809950353,-40.0157441124643,-41.9707902840101,-34.422219484718,-45.6063581789886,-45.4530668664783,-38.3621673880579,-31.3532695761648,-39.4167890328473,-46.8540376447906,-31.9938891530705,-42.4381051531728,-43.5788109913431,-37.846609860877,-46.0580913321428,-30.6642230910428,-31.7084383969874
2.56,-32.4711904044609,-39.8907913287497,-41.9916024122498,-34.5034220958522,-45.6259317110817,-45.9145294392415,-38.3979208707754,-31.2716183620007,-39.0036693780036,-47.2572058356297,-32.0473117795528,-40.4948524048969,-43.7111123592659,-37.499197913765,-46.2342143575795,-30.6930843678383,-31.6936449682314
2.57,-32.1363323873078,-39.7722256843613,-42.0036344677891,-34.5894136927058,-45.6432774455549,-46.4088843446708,-38.426719543966,-31.1981877300312,-38.6017082623984,-47.3706418939469,-32.1084746139637,-38.8539546146696,-43.83584873613,-37.1459020425896,-46.4110261683627,-30.7298256863212,-31.6859249080661
2.58,-31.819100108461,-39.6597522332859,-42.0069953754214,-34.6802450365925,-45.6587346531022,-46.9398144788313,-38.4483842341093,-31.1327424268606,-38.2122429305782,-47.1661163517898,-32.1773882275181,-37.494728103328,-43.9532384025176,-36.7859656450845,-46.5873637411095,-30.7744299347355,-31.6853278129521
2.59,-31.5187617341297,-39.5530809248139,-42.0018494613841,-34.7759675553289,-45.6726799662291,-47.5117133538926,-38.4627685219115,-31.0750431976614,-37.8363131672166,-46.6849005013264,-32.2540694023876,-36.3830568734988,-44.063528387107,-36.4186466651817,-46.7618241443615,-30.8268724898138,-31.6918915250943
2.6,-31.2345883557713,-39.4519258033474,-41.9884119448345,-34.8766328953587,-45.6855218382975,-48.1298778718537,-38.4697615640064,-31.0248485946611,-37.4747527189862,-46.0131711378547,-32.3385404462821,-35.4849732317769,-44.1669865620343,-36.0432197209485,-46.9327348949959,-30.887120117386,-31.7056416684831
2.61,-30.965871866541,-39.3560042688354,-41.9669436232929,-34.9822923458866,-45.6976944680909,-48.8007702580932,-38.4692906070797,-30.9819168433345,-37.1282578171472,-45.2412133840456,-32.4308283727909,-34.7689236777667,-44.263894042943,-35.658981217766,-47.0981289369495,-30.95512999385,-31.7265913631517
2.62,-30.7119359866416,-39.2650363945541,-41.9377449724376,-35.0929961145412,-45.7096513257346,-49.5323798618972,-38.4613231263251,-30.9460077555384,-36.7974369815052,-44.4386253872147,-32.5309639161815,-34.2059725225512,-44.3545380839154,-35.2652584119502,-47.2557286965468,-31.0308488595779,-31.7547411209077
2.63,-30.4721426435591,-39.1787443005566,-41.9011498885364,-35.2087924310559,-45.7218584126072,-50.334731589408,-38.4458685292931,-30.9168846794469,-36.4828456520281,-43.6499451346841,-32.638980344203,-33.7699425079648,-44.4392056107364,-34.8614237729103,-47.4029449816555,-31.114212313041,-31.7900789218757
2.64,-30.2458952266149,-39.0968515827379,-41.8575192962454,-35.3297264520139,-45.7347873780614,-51.2206128747131,-38.4229793782315,-30.8943164778489,-36.185008529115,-42.9000501258197,-32.7549120263354,-33.4376542572921,-44.5181774897542,-34.4469165053615,-47.5368975788602,-31.2051442517536,-31.8325804672489
2.65,-30.0326397607005,-39.0190827990722,-41.8072348273894,-35.4558389358157,-45.7489086005757,-52.2066294509552,-38.3927520983168,-30.8780795289447,-35.9044319239526,-42.2009804682537,-32.8787927077161,-33.1890946172746,-44.5917235868983,-34.0212737759578,-47.6544648188591,-31.3035564631409,-31.8822095998573
2.66,-29.8318647163627,-38.9451630161683,-41.7506927502795,-35.587164652701,-45.7646843218128,-53.3147531482747,-38.355327154938,-30.8679597470197,-35.6416079708486,-41.5571684089082,-33.0106534305476,-33.0074041099111,-44.6600986342208,-33.584175082225,-47.7523685349011,-31.4093483652527,-31.9389188806674
2.67,-29.643099947095,-38.8748174208425,-41.6882982971054,-35.7237304898905,-45.7825619004683,-54.5745715390692,-38.3108886994725,-30.8637546240898,-35.3970122401107,-40.9688067230894,-33.1505200349934,-32.8786804545367,-44.7235388907896,-33.1355043382712,-47.8272981150383,-31.5224068939863,-32.00265030625
2.68,-29.4659150883108,-38.8077710028859,-41.6204605019418,-35.8655532067727,-45.8029672301837,-56.0263516869499,-38.2596636988107,-30.8652752976246,-35.1710960994408,-40.4338518499799,-33.2984101603288,-32.7916552679718,-44.7822595612641,-32.6754356288082,-47.8760723515784,-31.642606530273,-32.0733361497083
2.69,-29.2999176443499,-38.7437483165893,-41.5475876266354,-36.012636789647,-45.8262983434582,-57.7240767802868,-38.2019205782781,-30.8723486536257,-34.9642750797977,-39.9491677243942,-33.454329654381,-32.7373129632347,-44.8364529187938,-32.2045501078731,-47.895830703255,-31.7698094576508,-32.1508999056129
2.7,-29.1447509150999,-38.6824733298179,-41.4700832184928,-36.1649693500438,-45.8529192025211,-59.7321965829141,-38.1379674197566,-30.8848194785125,-34.7769144780166,-39.5111636089481,-33.6182682851482,-32.7085068398365,-44.8862870683459,-31.7239929016488,-47.8842374958739,-31.9038658378944,-32.2352573181888
2.71,-29.0000918621427,-38.6236693704727,-41.3883428139157,-36.32251950538,-45.883153659443,-62.0815103386499,-38.068149766062,-30.9025526773475,-34.6093134394483,-39.1161430335234,-33.7901946331797,-32.6996064351017,-44.9319052812619,-31.2356794375652,-47.8396755488048,-32.0446141900098,-32.3263174713542
2.72,-28.8656489787002,-38.5670591809494,-41.3027512769484,-36.4852321761458,-45.9172795521372,-64.5233275998742,-37.9928480886082,-30.9254355797989,-34.4616887749811,-38.7604901328941,-33.9700500273706,-32.7061922014144,-44.973425830742,-30.7425589862089,-47.7614022944298,-32.1918818559877,-32.4239839191956
2.73,-28.7411602031771,-38.5123650916627,-41.2136807415962,-36.6530237306512,-45.9555228910212,-65.8369577672696,-37.9124749779266,-30.9533803587769,-34.334159745929,-38.4407650613258,-34.1577413712415,-32.7248013797148,-45.0109422600119,-30.2489368652687,-47.6496437520049,-32.3454855353126,-32.5281558360334
2.74,-28.626390899405,-38.4593093247444,-41.1214891117817,-36.8257764075787,-45.9980520836777,-64.7109652852966,-37.8274721158448,-30.9863265897923,-34.2267349716644,-38.1537487473358,-34.3531326931454,-32.7527220446956,-45.0445240191831,-29.7608417078521,-47.5056102108354,-32.5052318693633,-32.6387291663134
2.75,-28.5211319154401,-38.4076144385888,-41.0265190625964,-37.0033319495753,-46.0449721426389,-62.3760289213567,-37.7383070844134,-31.0242439816008,-34.1393024630702,-37.8964595296942,-34.5560352447058,-32.7878291552518,-45.0742174124245,-29.2863951577787,-47.3314304207696,-32.670918056522,-32.7555977560682
2.76,-28.4251977253272,-38.357003922909,-40.9290974805442,-37.1854843897407,-46.0963188253873,-60.1057881889803,-37.6454700605528,-31.0671353104613,-34.0716235577042,-37.6661542981246,-34.7661959709498,-32.8284555748793,-45.1000468033249,-28.8360939331351,-47.1300149360437,-32.8423324790176,-32.8786544495235
2.77,-28.3384246534743,-38.3072029523169,-40.8295352780932,-37.3719719496202,-46.1520526670195,-58.1749200190262,-37.5494704375551,-31.1150395910879,-34.0233312420729,-37.4603212262099,-34.9832841886283,-32.8732913547171,-45.1220160326909,-28.4228511610161,-46.904870088058,-33.0192553232212,-33.0077921364899
2.78,-28.2606691783932,-38.2579393040871,-40.7281275183319,-37.5624680353575,-46.2120528862539,-56.5571265326359,-37.4508334057812,-31.168035516807,-33.993933017289,-37.2766680935716,-35.2068763439332,-32.9213054219012,-45.1401100090775,-28.0615867611655,-46.6598892041995,-33.2014591762454,-33.1429047383678
2.79,-28.1918063109897,-38.2089444426521,-40.6251537881841,-37.7565713619723,-46.2761111763545,-55.1878994612358,-37.3500965159052,-31.2262451991122,-33.9828181297016,-37.1131084661264,-35.4364387878873,-32.9716848097064,-45.1542964378084,-27.7681573626584,-46.3991466566601,-33.3887095832015,-33.2838881228199
2.8,-28.1317280419398,-38.159954769509,-40.5208787628423,-37.9537952989638,-46.3439254361156,-54.0125872544562,-37.2478062396171,-31.289838232191,-33.9892686832177,-36.9677470331969,-35.6713086209691,-33.023787515108,-45.1645276589295,-27.5575485595553,-46.1267146236115,-33.5807655512867,-33.430640939342
2.81,-28.0803418526849,-38.1107130326012,-40.4155529092947,-38.1535566188295,-46.4150935543145,-52.9903324468778,-37.1445145354465,-31.359036100373,-34.0124739062373,-36.838864852109,-35.910672835203,-33.0771058953745,-45.1707425683643,-27.4415540705513,-45.8465145745593,-33.7773799889215,-33.5830653700267
2.82,-28.0375692850193,-38.0609698839569,-40.3094132825969,-38.3551639488749,-46.4891074357931,-52.0911045048487,-37.0407754218559,-31.4341169349385,-34.0515466851488,-36.7249049375207,-36.1535462416447,-33.1312381977702,-45.1728685994876,-27.426541789558,-45.5622078203831,-33.9783000703965,-33.7410677916969
2.83,-28.0033445649856,-38.0104855685341,-40.2026843745353,-38.5578063802572,-46.565347549484,-51.2926046762553,-36.9371415563491,-31.5154206102573,-34.10554140736,-36.6244584501404,-36.3987490337699,-33.1858663628881,-45.1708237444456,-27.5120987327616,-45.2771235272337,-34.1832675188348,-33.9045593472579
2.84,-27.9776132777235,-37.9590317210314,-40.0955789802779,-38.7605428785234,-46.6430783876558,-50.5779799752644,-36.8341608183031,-31.6033541465425,-34.1734721761574,-36.5362516301755,-36.6448853180597,-33.2407386710591,-45.1645185959121,-27.6911147616709,-44.9942189309449,-34.3920188027048,-34.0734564255343
2.85,-27.9603310909621,-37.9063932411123,-39.9882990543284,-38.9622933642788,-46.7214453481635,-49.9342483944968,-36.7323728946045,-31.6983973561827,-34.2543305529445,-36.4591335530748,-36.8903245446179,-33.2956561337317,-45.1538583906946,-27.9512688265173,-44.7160649148206,-34.6042852435801,-34.2476810500147
2.86,-27.9514625259381,-37.8523702113591,-39.8810365324687,-39.1618325805782,-46.7994736804378,-49.3512248267756,-36.6323058708729,-31.8011086311362,-34.3471021283808,-36.3920647414536,-37.1331884701156,-33.3504617873852,-45.138745036839,-28.2773101321785,-44.4448500670357,-34.8197930353159,-34.4271611777991
2.87,-27.9509797756063,-37.7967798166544,-39.7739741013207,-39.3577881132521,-46.8760702589551,-48.8207819015486,-36.5344728368027,-31.9121307187517,-34.4507813989761,-36.3341066379368,-37.3713470176841,-33.4050322432374,-45.1190791057735,-28.6533452253205,-44.1823971868259,-35.0382631772848,-34.6118309106498
2.88,-27.9588615710501,-37.7394582189635,-39.6672859016453,-39.5486441445961,-46.9500290462137,-48.3363333950445,-36.4393685215378,-32.0321962713668,-34.5643846075252,-36.2844119237076,-37.6024270378566,-33.4592709954865,-45.0947617707509,-29.0645686955592,-43.9301874426446,-35.2594113267723,-34.8016306203685
2.89,-27.9750920979552,-37.6802623380162,-39.5611381555194,-39.7327526450993,-47.0200411550899,-47.8924669042737,-36.3474659834581,-32.162132880401,-34.6869603763132,-36.2422156538028,-37.8238383214957,-33.5131031049022,-45.0656966725468,-29.4982528228453,-43.6893886506746,-35.4829475780932,-34.9965069907884
2.9,-27.9996599658452,-37.6190714865118,-39.4556897110938,-39.9083536710992,-47.0847103862231,-47.484678115258,-36.2592133876257,-32.3028672186487,-34.8175981087455,-36.2068271708599,-38.0328209996767,-33.5664709617106,-45.0317916932082,-29.9440961977016,-43.4608852457765,-35.7085761784443,-35.1964129784768
2.91,-28.0325572334702,-37.5557888084903,-39.3510925017667,-40.0736061579586,-47.1425749653837,-47.1091753807267,-36.1750309126882,-32.4554278167534,-34.9554342511251,-36.1776227529647,-38.2265173836134,-33.6193308983467,-44.9929606187565,-30.3941459783063,-43.245308382825,-35.9359951929783,-35.4013076938069
2.92,-28.0737784942603,-37.4903424716197,-39.2474919193241,-40.2266300043141,-47.1921359076337,-46.762733780179,-36.0953078364887,-32.6209458951355,-35.099656589825,-36.1540389476996,-38.4020690999247,-33.6716504737139,-44.949124672244,-30.8424993502563,-43.0430652306935,-36.1648961340711,-35.6111562033844
2.93,-28.1233200260837,-37.422686568441,-39.1450271029373,-40.3655592902852,-47.2318919712607,-46.4425845726878,-36.0203998552576,-32.8006535671788,-35.249506811943,-36.1355665428699,-38.5567370013643,-33.7234062898259,-44.9002138995386,-31.2849300515542,-42.8543669376836,-36.3949635722567,-35.8259292539107
2.94,-28.181179009673,-37.3528016880414,-39.0438311478893,-40.4886051813752,-47.2603805408604,-46.1463303537626,-35.9506266943996,-32.9958786323262,-35.4042815838853,-36.1217451242322,-38.6880370614324,-33.7745822319374,-44.8461683917108,-31.7185239042841,-42.679255003555,-36.6258747488211,-36.0456029164289
2.95,-28.2473528199894,-37.2806951280168,-38.9440312395586,-40.5941255528615,-47.2762230365851,-45.8718791470713,-35.8862700690402,-33.2080351005122,-35.5633324076023,-36.112158171509,-38.7938810165481,-33.8251680466411,-44.7869393299488,-32.1413619587961,-42.5176259370642,-36.857299212546,-36.2701581485328
2.96,-28.3218383944768,-37.2064007265999,-38.8457487195349,-40.6806968453856,-47.2781726678837,-45.6173926294039,-35.82757204934,-33.4386085451348,-35.7260645039613,-36.1064286457354,-38.8727070169347,-33.8751581905263,-44.7224898415074,-32.5522626113261,-42.3692541496807,-37.0888985055305,-36.4995802705077
2.97,-28.4046316816261,-37.1299783060473,-38.749099091803,-40.7471824370094,-47.2651616554305,-45.3812450340578,-35.7747338790598,-33.6891353826466,-35.8919349521557,-36.104215023302,-38.9235842232049,-33.9245508960989,-44.6527956582458,-32.950580203827,-42.2338130670846,-37.3203259253369,-36.7338583495072
2.98,-28.4957271725227,-37.0515127302378,-38.6541919777255,-40.792791223018,-47.2363445759786,-45.1619902135592,-35.7279152861392,-33.9611752300359,-36.0604502874636,-36.1052077347458,-38.9462770403619,-33.9733474126655,-44.5778455727481,-33.3360519570235,-42.1108944519394,-37.5512263927907,-36.9729844837249
2.99,-28.5951175171029,-36.9711125913665,-38.5611310290899,-40.8171203974521,-47.1911343744257,-44.9583350020448,-35.6872343115903,-34.256275593858,-36.2311637305105,-36.1091259692242,-38.941259614149,-34.0215513885148,-44.4976416907252,-33.7086837887844,-42.0000259378735,-37.7812364565058,-37.2169529760726
3,-28.7027932257264,-36.8889085520052,-38.4700138087878,-40.8201777261488,-47.1292279221238,-44.7691174885604,-35.6527676684662,-34.5759282764146,-36.4036721919649,-36.1157148085772,-38.9096784094702,-34.0691683675037,-44.4121994822303,-34.0686662717527,-41.9006867828788,-38.0099844664298,-37.4657593840914
